,Entity,Code,Year,Nutrient potash,Nutrient phosphate,Nutrient nitrogen
2,Afghanistan,AFG,2013,0.0,1539.0,15694.0
3,Afghanistan,AFG,2014,0.0,1541.0,14416.0
4,Afghanistan,AFG,2015,0.0,1541.0,14416.0
5,Afghanistan,AFG,2016,0.0,1541.0,14416.0
6,Afghanistan,AFG,2017,0.0,1541.0,14416.0
7,Afghanistan,AFG,2018,0.0,1541.0,14416.0
8,Afghanistan,AFG,2019,0.0,1541.0,14416.0
9,Afghanistan,AFG,2020,0.0,1541.0,14416.0
162,Algeria,DZA,2002,0.0,23000.0,72600.0
163,Algeria,DZA,2003,0.0,5980.0,99660.0
164,Algeria,DZA,2004,0.0,53550.0,153790.0
165,Algeria,DZA,2005,0.0,20430.0,83100.0
166,Algeria,DZA,2006,0.0,24310.0,27440.0
167,Algeria,DZA,2007,0.0,42610.0,137780.0
168,Algeria,DZA,2008,0.0,11580.0,11040.0
169,Algeria,DZA,2009,0.0,17400.0,13400.0
170,Algeria,DZA,2010,0.0,22800.0,20800.0
171,Algeria,DZA,2011,0.0,25000.0,19500.0
172,Algeria,DZA,2012,0.0,31200.0,24500.0
173,Algeria,DZA,2013,0.0,27800.0,68000.0
174,Algeria,DZA,2014,0.0,31900.0,438300.0
175,Algeria,DZA,2015,0.0,28200.0,777600.0
176,Algeria,DZA,2016,0.0,32400.0,1043200.0
177,Algeria,DZA,2017,0.0,32400.0,1043200.0
178,Algeria,DZA,2018,0.0,32400.0,1043200.0
179,Algeria,DZA,2019,0.0,32400.0,1043200.0
180,Algeria,DZA,2020,0.0,32400.0,1043200.0
320,Argentina,ARG,2013,0.0,51600.0,630491.6
321,Argentina,ARG,2014,400.0,68400.0,470858.25
322,Argentina,ARG,2015,400.0,71000.0,431740.0
323,Argentina,ARG,2016,600.0,80000.0,542945.75
324,Argentina,ARG,2017,660.0,82800.0,617126.56
325,Argentina,ARG,2018,660.0,82618.0,436101.0
326,Argentina,ARG,2019,600.0,86540.0,510238.2
327,Argentina,ARG,2020,480.0,90000.0,559953.7
449,Australia,AUS,1986,700.0,610800.0,226200.0
450,Australia,AUS,1987,500.0,747100.0,249700.0
451,Australia,AUS,1988,700.0,723000.0,235900.0
452,Australia,AUS,1989,300.0,511300.0,230000.0
453,Australia,AUS,2002,0.0,637312.0,354464.0
454,Australia,AUS,2003,0.0,625824.0,314751.0
455,Australia,AUS,2004,0.0,637634.0,326123.0
456,Australia,AUS,2005,0.0,596768.0,338588.0
457,Australia,AUS,2006,0.0,585820.0,337240.0
458,Australia,AUS,2007,0.0,747920.0,392912.0
459,Australia,AUS,2008,0.0,538752.0,330489.0
460,Australia,AUS,2009,0.0,540088.0,543309.0
461,Australia,AUS,2010,0.0,412475.0,285633.0
462,Australia,AUS,2011,0.0,572887.0,317961.0
463,Australia,AUS,2012,0.0,582856.0,237495.0
464,Australia,AUS,2013,0.0,305344.0,716831.6
465,Australia,AUS,2014,0.0,321334.7,342300.0
466,Australia,AUS,2015,0.0,451251.16,413300.0
467,Australia,AUS,2016,0.0,524512.44,423400.0
468,Australia,AUS,2017,0.0,464767.38,423400.0
469,Australia,AUS,2018,0.0,513407.16,423400.0
470,Australia,AUS,2019,0.0,424297.16,423400.0
471,Australia,AUS,2020,0.0,482509.12,423400.0
591,Bangladesh,BGD,2002,0.0,49500.0,1155433.0
592,Bangladesh,BGD,2003,0.0,58866.0,952070.0
593,Bangladesh,BGD,2004,0.0,64750.0,923410.0
594,Bangladesh,BGD,2005,0.0,69022.0,880646.0
595,Bangladesh,BGD,2006,0.0,69015.0,815701.0
596,Bangladesh,BGD,2007,0.0,65150.0,855556.0
597,Bangladesh,BGD,2013,0.0,31280.0,477460.0
598,Bangladesh,BGD,2014,0.0,61640.0,394580.0
599,Bangladesh,BGD,2015,0.0,69460.0,415220.0
600,Bangladesh,BGD,2016,0.0,90620.0,482040.0
601,Bangladesh,BGD,2017,0.0,76360.0,435200.0
602,Bangladesh,BGD,2018,0.0,70840.0,361160.0
603,Bangladesh,BGD,2019,0.0,82800.0,379840.0
604,Bangladesh,BGD,2020,0.0,82800.0,379840.0
670,Belarus,BLR,1992,3311000.0,101000.0,567700.0
671,Belarus,BLR,1993,1947000.0,68100.0,457800.0
672,Belarus,BLR,1994,2510000.0,27700.0,404800.0
673,Belarus,BLR,1995,2789000.0,46100.0,429000.0
674,Belarus,BLR,1996,2716000.0,91500.0,449600.0
675,Belarus,BLR,1997,3247000.0,128200.0,378900.0
676,Belarus,BLR,1998,3451000.0,127000.0,442500.0
677,Belarus,BLR,1999,3613000.0,48800.0,534400.0
678,Belarus,BLR,2000,3372000.0,87000.0,574300.0
679,Belarus,BLR,2001,3687000.0,84200.0,608200.0
680,Belarus,BLR,2002,3811893.0,73955.0,644420.0
681,Belarus,BLR,2003,4276274.0,86242.0,635865.0
682,Belarus,BLR,2004,4712104.0,114298.0,665034.0
683,Belarus,BLR,2005,4886995.0,135816.0,682065.0
684,Belarus,BLR,2006,4565090.0,148848.0,711548.0
685,Belarus,BLR,2007,5097439.0,152374.0,749944.0
686,Belarus,BLR,2008,5066066.0,173482.0,727975.0
687,Belarus,BLR,2009,2434559.0,173733.0,731378.0
688,Belarus,BLR,2010,5209053.0,196042.0,771295.0
689,Belarus,BLR,2011,5292855.0,193147.0,813922.0
690,Belarus,BLR,2012,4828161.0,122775.0,832766.0
691,Belarus,BLR,2013,4242736.0,203462.0,833096.0
692,Belarus,BLR,2014,6339990.0,186295.0,841911.0
693,Belarus,BLR,2015,6467878.0,178709.0,861185.0
694,Belarus,BLR,2016,6180050.0,174567.0,843010.0
695,Belarus,BLR,2017,7101799.0,201319.0,854320.0
696,Belarus,BLR,2018,7346096.0,211100.0,869965.0
697,Belarus,BLR,2019,7348293.0,216967.0,988187.0
698,Belarus,BLR,2020,7562153.0,215017.0,958943.0
699,Belgium,BEL,2002,0.0,175000.0,790000.0
700,Belgium,BEL,2003,0.0,150000.0,790000.0
701,Belgium,BEL,2004,0.0,149600.0,840200.0
702,Belgium,BEL,2005,0.0,135200.0,922600.0
703,Belgium,BEL,2006,0.0,146200.0,958600.0
704,Belgium,BEL,2007,0.0,152500.0,1004300.0
705,Belgium,BEL,2008,0.0,142000.0,888400.0
706,Belgium,BEL,2009,0.0,106000.0,884300.0
707,Belgium,BEL,2010,0.0,130000.0,946500.0
708,Belgium,BEL,2011,0.0,110000.0,955600.0
709,Belgium,BEL,2012,0.0,104000.0,931700.0
710,Belgium,BEL,2013,0.0,236900.0,873300.0
711,Belgium,BEL,2014,0.0,219700.0,847100.0
712,Belgium,BEL,2015,0.0,254500.0,864300.0
713,Belgium,BEL,2016,0.0,255100.0,822300.0
714,Belgium,BEL,2017,0.0,301400.0,865900.0
715,Belgium,BEL,2018,0.0,319700.0,787600.0
716,Belgium,BEL,2019,0.0,319700.0,787600.0
717,Belgium,BEL,2020,0.0,319700.0,787600.0
825,Bosnia and Herzegovina,BIH,2011,0.2,0.2,84343.2
827,Bosnia and Herzegovina,BIH,2013,0.35,0.35,48908.35
830,Bosnia and Herzegovina,BIH,2016,0.0,38.42,43843.48
849,Brazil,BRA,1985,6000.0,1281700.0,696187.0
850,Brazil,BRA,1986,10520.0,1501490.0,714174.0
851,Brazil,BRA,1987,37308.0,1471590.0,746069.0
852,Brazil,BRA,1988,55720.0,1407200.0,705089.0
853,Brazil,BRA,1989,109417.0,1298800.0,748499.0
854,Brazil,BRA,1990,68073.0,1090698.0,737221.0
855,Brazil,BRA,1991,101137.0,1113346.0,704320.0
856,Brazil,BRA,1992,77260.0,1110137.0,664628.0
857,Brazil,BRA,1993,173942.0,1235448.0,709188.0
858,Brazil,BRA,1994,229365.0,1428583.0,768253.0
859,Brazil,BRA,1995,224128.0,1264670.0,795645.0
860,Brazil,BRA,1996,240695.0,1305138.0,779003.0
861,Brazil,BRA,1997,281381.0,1354136.0,808425.0
862,Brazil,BRA,1998,326486.0,1368989.0,728048.0
863,Brazil,BRA,1999,347836.0,1357784.0,847608.0
864,Brazil,BRA,2000,353168.0,1496136.0,772211.0
865,Brazil,BRA,2001,357228.0,1444863.0,657750.0
866,Brazil,BRA,2002,363786.0,1532564.6,894759.25
867,Brazil,BRA,2003,377311.0,1628284.5,841992.0
868,Brazil,BRA,2004,371474.0,1872373.6,909389.1
869,Brazil,BRA,2005,371694.0,1702746.4,916965.7
870,Brazil,BRA,2006,424213.0,1884335.5,919394.56
871,Brazil,BRA,2007,389162.0,2180542.2,824270.5
872,Brazil,BRA,2008,351890.0,2032477.8,837947.44
873,Brazil,BRA,2009,415648.0,1606292.6,724633.5
874,Brazil,BRA,2010,385244.0,1924612.5,927493.1
875,Brazil,BRA,2011,359221.0,2007276.5,888308.4
876,Brazil,BRA,2012,318149.0,1977859.5,797713.9
877,Brazil,BRA,2013,285445.0,2060971.0,848885.75
878,Brazil,BRA,2014,285566.0,2097133.4,813012.06
879,Brazil,BRA,2015,279139.0,2071943.0,831223.9
880,Brazil,BRA,2016,289468.0,1518396.0,708327.9
881,Brazil,BRA,2017,281229.0,1627806.8,510760.97
882,Brazil,BRA,2018,199521.0,2031722.9,541930.9
883,Brazil,BRA,2019,238963.0,1463102.9,356784.6
884,Brazil,BRA,2020,249709.0,3544674.0,415795.0
928,Bulgaria,BGR,2003,0.0,166300.0,288200.0
929,Bulgaria,BGR,2004,0.0,156500.0,331300.0
930,Bulgaria,BGR,2005,0.0,173100.0,348700.0
931,Bulgaria,BGR,2013,0.0,110000.0,185988.78
1065,Canada,CAN,1962,358668.0,271664.0,302359.0
1066,Canada,CAN,1963,679780.0,320638.0,314447.0
1067,Canada,CAN,1964,1067221.0,339432.0,340674.0
1068,Canada,CAN,1965,1748939.0,418771.0,377340.0
1069,Canada,CAN,1966,1999678.0,483955.0,477906.0
1070,Canada,CAN,1967,2696191.0,488925.0,470095.0
1071,Canada,CAN,1968,2799615.0,475312.0,554179.0
1072,Canada,CAN,1969,3566189.0,450416.0,671639.0
1073,Canada,CAN,1970,3178800.0,560000.0,726155.0
1074,Canada,CAN,1971,3920000.0,721000.0,805000.0
1075,Canada,CAN,1972,3820000.0,738419.0,771615.0
1076,Canada,CAN,1973,5072800.0,696321.0,802930.0
1077,Canada,CAN,1974,5622700.0,660920.0,895000.0
1078,Canada,CAN,1975,4841700.0,610000.0,774700.0
1079,Canada,CAN,1976,5655400.0,631800.0,1204000.0
1080,Canada,CAN,1977,6206500.0,650900.0,1577700.0
1081,Canada,CAN,1978,6387000.0,659600.0,1673900.0
1082,Canada,CAN,1979,7063000.0,702600.0,1708600.0
1083,Canada,CAN,1980,7337000.0,724000.0,1755000.0
1084,Canada,CAN,1981,6043000.0,658000.0,1825000.0
1085,Canada,CAN,1982,5377800.0,641100.0,1897100.0
1086,Canada,CAN,1983,7154000.0,687900.0,2370900.0
1087,Canada,CAN,1984,7285000.0,635500.0,2542900.0
1088,Canada,CAN,1985,6521500.0,630300.0,2825300.0
1089,Canada,CAN,1986,7042500.0,465200.0,2466500.0
1090,Canada,CAN,1987,7841300.0,436400.0,2762000.0
1091,Canada,CAN,1988,8088900.0,463900.0,3000000.0
1092,Canada,CAN,1989,7360100.0,440012.0,2706001.0
1093,Canada,CAN,1990,7090800.0,354042.0,2842790.0
1094,Canada,CAN,1991,7013915.0,463200.0,2904173.0
1095,Canada,CAN,1992,7246900.0,395471.0,2971740.0
1096,Canada,CAN,1993,6810300.0,446600.0,3850610.0
1097,Canada,CAN,1994,8889300.0,355000.0,3801330.0
1098,Canada,CAN,1995,7966200.0,381000.0,4018940.0
1099,Canada,CAN,1996,8043600.0,383000.0,3864200.0
1100,Canada,CAN,1997,9029200.0,372570.0,3654300.0
1101,Canada,CAN,1998,9195100.0,357800.0,3737100.0
1102,Canada,CAN,1999,8230500.0,273000.0,4141400.0
1103,Canada,CAN,2000,9174000.0,239720.0,3831040.0
1104,Canada,CAN,2001,8307000.0,317720.0,3331790.0
1105,Canada,CAN,2002,8134432.0,328000.0,3087621.0
1106,Canada,CAN,2003,9543776.0,292000.0,2905009.0
1107,Canada,CAN,2004,10317152.0,352000.0,3048059.0
1108,Canada,CAN,2005,8073079.0,294900.0,3109020.0
1109,Canada,CAN,2006,10047000.0,220000.0,2309320.0
1110,Canada,CAN,2007,10807200.0,245000.0,3234810.0
1111,Canada,CAN,2008,6795000.0,268800.0,3192990.0
1112,Canada,CAN,2009,7037400.0,278600.0,3129160.0
1113,Canada,CAN,2010,10289400.0,280300.0,3361936.0
1114,Canada,CAN,2011,9919200.0,322800.0,3443253.0
1115,Canada,CAN,2012,9877000.0,261800.0,3358080.0
1116,Canada,CAN,2013,9544200.0,285900.0,3820380.0
1117,Canada,CAN,2014,10436400.0,303600.0,3707220.0
1118,Canada,CAN,2015,11277600.0,290000.0,3994220.0
1119,Canada,CAN,2016,10711800.0,310900.0,4122960.0
1120,Canada,CAN,2017,12179400.0,241700.0,3735920.0
1121,Canada,CAN,2018,13989800.0,270000.0,3822840.0
1122,Canada,CAN,2019,12179400.0,241700.0,3927800.0
1123,Canada,CAN,2020,12179400.0,241700.0,2726165.0
1293,Chile,CHL,1961,54738.0,3304.0,173812.0
1294,Chile,CHL,1962,54333.0,4406.0,172526.0
1295,Chile,CHL,1963,55976.0,5804.0,177742.0
1296,Chile,CHL,1964,58531.0,7060.0,183638.0
1297,Chile,CHL,1965,59287.0,4773.0,178844.0
1298,Chile,CHL,1966,46027.0,6107.0,157576.0
1299,Chile,CHL,1967,24108.0,7423.0,131873.0
1300,Chile,CHL,1968,16000.0,10221.0,102954.0
1301,Chile,CHL,1969,17424.0,14446.0,120314.0
1302,Chile,CHL,1970,17743.0,22858.0,101574.0
1303,Chile,CHL,1971,23443.0,14217.0,126636.0
1304,Chile,CHL,1972,17983.0,31151.0,108039.0
1305,Chile,CHL,1973,21647.0,30020.0,106654.0
1306,Chile,CHL,1974,11293.0,26054.0,111410.0
1307,Chile,CHL,1975,13961.0,21362.0,85268.0
1308,Chile,CHL,1976,16662.0,7104.0,95872.0
1309,Chile,CHL,1977,12043.0,5901.0,88890.0
1315,Chile,CHL,1983,21280.0,1600.0,98080.0
1316,Chile,CHL,1984,21600.0,3700.0,112750.0
1317,Chile,CHL,1985,21800.0,3700.0,126700.0
1318,Chile,CHL,1986,26900.0,5438.0,122260.0
1319,Chile,CHL,1987,28000.0,4054.0,115000.0
1320,Chile,CHL,1988,38000.0,4000.0,115000.0
1321,Chile,CHL,1989,32000.0,4000.0,105000.0
1322,Chile,CHL,1990,41000.0,5000.0,110000.0
1323,Chile,CHL,1991,37500.0,4000.0,98000.0
1324,Chile,CHL,1992,35300.0,4000.0,126000.0
1325,Chile,CHL,1993,30000.0,5000.0,116000.0
1326,Chile,CHL,1994,52000.0,5000.0,97000.0
1327,Chile,CHL,1995,52000.0,5000.0,111000.0
1328,Chile,CHL,1996,178800.0,4000.0,111000.0
1336,Chile,CHL,2004,559000.0,30.0,120370.0
1337,Chile,CHL,2005,528274.0,246.0,130750.0
1353,China,CHN,1961,2000.0,146000.0,228000.0
1354,China,CHN,1963,1000.0,223000.0,554000.0
1355,China,CHN,1964,1000.0,368000.0,817000.0
1356,China,CHN,1965,1000.0,724000.0,1184000.0
1357,China,CHN,1966,2000.0,985000.0,1619000.0
1358,China,CHN,1967,4000.0,659000.0,1178000.0
1359,China,CHN,1968,3000.0,465000.0,876000.0
1360,China,CHN,1969,3000.0,767000.0,1218000.0
1361,China,CHN,1970,5000.0,950000.0,1680000.0
1362,China,CHN,1971,12000.0,1125000.0,2082000.0
1363,China,CHN,1972,8000.0,1303000.0,2645000.0
1364,China,CHN,1973,7000.0,1634000.0,3220000.0
1365,China,CHN,1974,5000.0,1451000.0,3017000.0
1366,China,CHN,1975,7000.0,1596000.0,3964000.0
1367,China,CHN,1976,11000.0,1485000.0,4042000.0
1368,China,CHN,1977,21000.0,1781000.0,5751000.0
1369,China,CHN,1978,21000.0,1108400.0,7903100.0
1370,China,CHN,1979,15700.0,1869900.0,9095900.0
1371,China,CHN,1980,19800.0,2367000.0,10286000.0
1372,China,CHN,1981,24400.0,2593600.0,10154000.0
1373,China,CHN,1982,25000.0,2888100.0,10458000.0
1374,China,CHN,1983,29000.0,3023200.0,11322500.0
1375,China,CHN,1984,32000.0,2730900.0,12452000.0
1376,China,CHN,1985,23000.0,2115200.0,11666700.0
1377,China,CHN,1986,24000.0,2410800.0,11858500.0
1378,China,CHN,1987,39700.0,3340600.0,13684900.0
1379,China,CHN,1988,53800.0,3766200.0,13953700.0
1380,China,CHN,1989,32000.0,3807700.0,14519300.0
1381,China,CHN,1990,46000.0,4196000.0,14915500.0
1382,China,CHN,1991,98000.0,4641400.0,15300700.0
1383,China,CHN,1992,91000.0,4700000.0,15962619.0
1384,China,CHN,1993,70000.0,4240300.0,15581034.0
1385,China,CHN,1994,116500.0,4946000.0,16342016.0
1386,China,CHN,1995,223000.0,6091300.0,19035070.0
1387,China,CHN,1996,218000.0,5822000.0,21042778.0
1388,China,CHN,1997,170000.0,6419000.0,20232134.0
1389,China,CHN,1998,213000.0,6713000.0,21530000.0
1390,China,CHN,1999,218000.0,6430000.0,22833056.0
1391,China,CHN,2000,275000.0,6687000.0,21559100.0
1392,China,CHN,2001,395000.0,7451462.0,22075728.0
1393,China,CHN,2002,430000.0,8056000.0,23352352.0
1394,China,CHN,2003,620000.0,8806000.0,25766680.0
1395,China,CHN,2004,840000.0,10200000.0,27608176.0
1396,China,CHN,2005,1475000.0,11121000.0,26932058.0
1397,China,CHN,2006,1750000.0,11998000.0,27733734.0
1398,China,CHN,2007,2498800.0,12572300.0,31252788.0
1399,China,CHN,2008,2912200.0,12140900.0,30942146.0
1400,China,CHN,2009,3627800.0,14160900.0,30965620.0
1401,China,CHN,2010,3967600.0,17015000.0,33928760.0
1402,China,CHN,2011,4915100.0,17662600.0,33856908.0
1403,China,CHN,2012,5299500.0,16558600.0,35234572.0
1404,China,CHN,2013,5098900.0,16328700.0,36138484.0
1405,China,CHN,2014,6104700.0,17430100.0,39595784.0
1406,China,CHN,2015,6042200.0,18572000.0,40465380.0
1407,China,CHN,2016,6650400.0,18591100.0,37436500.0
1408,China,CHN,2017,5964900.0,15010500.0,34812344.0
1409,China,CHN,2018,6145883.0,13237600.0,32657768.0
1410,China,CHN,2019,6145883.0,13237600.0,32396038.0
1411,China,CHN,2020,6145883.0,13237600.0,31941570.0
1473,Colombia,COL,2000,231000.0,7800.0,76700.0
1474,Colombia,COL,2002,0.0,6500.0,81000.0
1475,Colombia,COL,2003,0.0,6500.0,86200.0
1476,Colombia,COL,2004,0.0,54000.0,77200.0
1477,Colombia,COL,2005,0.0,35000.0,54700.0
1478,Colombia,COL,2006,0.0,45000.0,67500.0
1479,Colombia,COL,2007,0.0,45000.0,70200.0
1480,Colombia,COL,2008,0.0,50000.0,70200.0
1481,Colombia,COL,2009,0.0,55000.0,83300.0
1482,Colombia,COL,2010,0.0,55000.0,116900.0
1483,Colombia,COL,2011,0.0,45000.0,107800.0
1484,Colombia,COL,2012,0.0,85000.0,80500.0
1485,Colombia,COL,2013,69000.0,53500.0,77700.0
1486,Colombia,COL,2014,86800.0,67100.0,98100.0
1487,Colombia,COL,2015,0.0,64000.0,95400.0
1488,Colombia,COL,2016,84000.0,65100.0,84900.0
1489,Colombia,COL,2017,86400.0,66100.0,87200.0
1490,Colombia,COL,2018,99800.0,70900.0,92400.0
1491,Colombia,COL,2019,99800.0,70900.0,92400.0
1492,Colombia,COL,2020,99800.0,70900.0,92400.0
1628,Croatia,HRV,2002,0.0,50000.0,262000.0
1629,Croatia,HRV,2003,0.0,70009.0,286064.0
1630,Croatia,HRV,2004,0.0,69842.0,335148.0
1631,Croatia,HRV,2005,0.0,111741.0,323223.0
1632,Croatia,HRV,2006,0.0,123053.0,332406.0
1633,Croatia,HRV,2007,0.0,128343.0,350988.0
1634,Croatia,HRV,2008,0.0,119563.0,353180.0
1635,Croatia,HRV,2009,0.0,54632.0,305455.0
1636,Croatia,HRV,2010,0.0,68298.0,357342.0
1637,Croatia,HRV,2011,0.0,84977.0,379467.0
1638,Croatia,HRV,2012,0.0,70856.0,345669.0
1639,Croatia,HRV,2013,26998.0,37007.0,328380.0
1640,Croatia,HRV,2014,23746.0,27179.0,342968.0
1641,Croatia,HRV,2015,39716.75,50694.95,351518.0
1642,Croatia,HRV,2016,40838.65,50760.45,342220.28
1643,Croatia,HRV,2017,49454.95,56317.35,386829.7
1644,Croatia,HRV,2018,45159.45,56194.45,323525.22
1645,Croatia,HRV,2019,40955.85,42172.05,377740.38
1646,Croatia,HRV,2020,36090.1,37340.3,364161.12
1741,Czechia,CZE,2001,15519.0,17013.0,296433.0
1819,Denmark,DNK,2002,0.0,15000.0,116165.0
1820,Denmark,DNK,2003,0.0,15000.0,148459.0
1821,Denmark,DNK,2004,0.0,7500.0,92787.0
2120,Egypt,EGY,2002,0.0,187000.0,1557510.0
2121,Egypt,EGY,2003,0.0,190500.0,1558830.0
2122,Egypt,EGY,2004,0.0,253000.0,1584400.0
2123,Egypt,EGY,2005,0.0,288800.0,1552008.0
2124,Egypt,EGY,2006,0.0,240800.0,1750977.0
2125,Egypt,EGY,2007,0.0,264700.0,2286460.0
2126,Egypt,EGY,2008,0.0,297500.0,2618560.0
2127,Egypt,EGY,2009,0.0,243400.0,2723590.0
2128,Egypt,EGY,2010,0.0,379580.0,2800020.0
2129,Egypt,EGY,2011,0.0,410200.0,2687430.0
2130,Egypt,EGY,2012,0.0,517410.0,2391830.0
2131,Egypt,EGY,2013,17900.0,424850.0,2660000.0
2132,Egypt,EGY,2014,25900.0,589830.0,2660000.0
2133,Egypt,EGY,2015,17000.0,402956.78,2200000.0
2134,Egypt,EGY,2016,11000.0,281412.7,1800000.0
2135,Egypt,EGY,2017,10900.0,408400.0,2800000.0
2136,Egypt,EGY,2018,9800.0,462800.0,3700000.0
2137,Egypt,EGY,2019,9800.0,462800.0,4200000.0
2138,Egypt,EGY,2020,9800.0,462800.0,4500000.0
2394,Finland,FIN,1961,900.0,68162.0,51065.0
2395,Finland,FIN,1962,740.0,71129.0,45864.0
2396,Finland,FIN,1963,470.0,104901.0,60336.0
2397,Finland,FIN,1964,883.0,95499.0,77371.0
2398,Finland,FIN,1965,893.0,123520.0,93590.0
2399,Finland,FIN,1966,1152.0,159654.0,111092.0
2400,Finland,FIN,1967,1332.0,134111.0,101190.0
2401,Finland,FIN,1968,1344.0,165051.0,100950.0
2402,Finland,FIN,1969,1294.0,171477.0,150513.0
2403,Finland,FIN,1970,1222.0,191551.0,193175.0
2404,Finland,FIN,1971,1180.0,185614.0,200876.0
2405,Finland,FIN,1972,1375.0,213010.0,242928.0
2406,Finland,FIN,1973,216.0,201560.0,243556.0
2407,Finland,FIN,2002,0.0,126761.69,267709.53
2408,Finland,FIN,2003,0.0,100000.0,190123.83
2409,Finland,FIN,2004,0.0,86846.54,251045.69
2410,Finland,FIN,2005,0.0,129402.32,262213.12
2411,Finland,FIN,2006,0.0,121768.0,229908.33
2412,Finland,FIN,2007,0.0,134010.33,279459.62
2413,Finland,FIN,2008,0.0,95883.2,305032.44
2414,Finland,FIN,2009,0.0,98881.08,256052.27
2415,Finland,FIN,2010,0.0,110542.83,312274.0
2416,Finland,FIN,2011,0.0,140244.72,261087.3
2417,Finland,FIN,2012,0.0,156966.7,298159.0
2418,Finland,FIN,2013,0.0,190075.66,370900.62
2419,Finland,FIN,2014,0.0,159960.77,203117.7
2420,Finland,FIN,2015,0.0,158621.27,283410.2
2421,Finland,FIN,2016,0.0,150744.06,250602.14
2422,Finland,FIN,2017,0.0,122448.92,195806.73
2423,Finland,FIN,2018,0.0,144798.22,195806.73
2424,Finland,FIN,2019,0.0,136753.16,195806.73
2425,Finland,FIN,2020,0.0,130191.84,195806.73
2454,France,FRA,1961,1691900.0,811800.0,772600.0
2455,France,FRA,1962,1680300.0,823000.0,745859.0
2456,France,FRA,1963,1822619.0,983495.0,912503.0
2457,France,FRA,1964,1823800.0,1217500.0,1081900.0
2458,France,FRA,1965,1877100.0,1217600.0,1066000.0
2459,France,FRA,1966,1836600.0,1333000.0,1223500.0
2460,France,FRA,1967,1804042.0,1309533.0,1239537.0
2461,France,FRA,1968,1722937.0,1373954.0,1367825.0
2462,France,FRA,1969,1775401.0,1324285.0,1313122.0
2463,France,FRA,1970,1841856.0,1450846.0,1351069.0
2464,France,FRA,1971,1827047.0,1577074.0,1416802.0
2465,France,FRA,1972,1664480.0,1611479.0,1476486.0
2466,France,FRA,1973,2082404.0,1693291.0,1642300.0
2467,France,FRA,1974,2078500.0,1708600.0,1694100.0
2468,France,FRA,1975,1734000.0,1258800.0,1361000.0
2469,France,FRA,1976,1567100.0,1490400.0,1462000.0
2470,France,FRA,1977,1704300.0,1560000.0,1470000.0
2471,France,FRA,1978,1831300.0,1357000.0,1781000.0
2472,France,FRA,1979,1915300.0,1364000.0,1780000.0
2473,France,FRA,1980,1932800.0,1351000.0,1640200.0
2474,France,FRA,1981,1726000.0,1300000.0,1553000.0
2475,France,FRA,1982,1601400.0,1199900.0,1583000.0
2476,France,FRA,1983,1685000.0,1230000.0,1728000.0
2477,France,FRA,1984,1729000.0,1168000.0,1779000.0
2478,France,FRA,1985,1719000.0,1023000.0,1628000.0
2479,France,FRA,1986,1549000.0,1000000.0,1704000.0
2480,France,FRA,1987,1564000.0,955000.0,1540000.0
2481,France,FRA,1988,1411000.0,940000.0,1675000.0
2482,France,FRA,1989,1199400.0,962000.0,1572000.0
2483,France,FRA,1990,1292400.0,921000.0,1524000.0
2484,France,FRA,1991,1129000.0,926000.0,1636000.0
2485,France,FRA,1992,1141000.0,693000.0,1333000.0
2486,France,FRA,1993,890000.0,697000.0,1524000.0
2487,France,FRA,1994,870000.0,323000.0,1493000.0
2488,France,FRA,1995,802000.0,513000.0,1490000.0
2489,France,FRA,1996,751000.0,558000.0,1616000.0
2490,France,FRA,1997,665300.0,527600.0,1484000.0
2491,France,FRA,1998,417100.0,489700.0,1436000.0
2492,France,FRA,1999,311300.0,450300.0,1422800.0
2493,France,FRA,2000,321000.0,318000.0,983000.0
2494,France,FRA,2001,244200.0,277000.0,1106000.0
2495,France,FRA,2002,130000.0,157307.0,1101414.4
2496,France,FRA,2003,0.0,154079.0,1030127.1
2497,France,FRA,2004,0.0,135504.0,1074917.8
2498,France,FRA,2005,0.0,575443.0,985119.06
2499,France,FRA,2006,0.0,699599.0,1430539.1
2500,France,FRA,2007,0.0,404286.0,1792211.8
2501,France,FRA,2008,0.0,459063.0,1553684.0
2502,France,FRA,2009,0.0,204974.0,1360195.5
2503,France,FRA,2010,0.0,371588.0,1358154.4
2504,France,FRA,2011,0.0,286279.0,324190.97
2505,France,FRA,2012,0.0,242665.0,345291.88
2506,France,FRA,2013,0.0,215163.0,524849.6
2507,France,FRA,2014,0.0,230831.0,279091.47
2508,France,FRA,2015,0.0,230831.0,469045.1
2509,France,FRA,2016,0.0,230831.0,361926.38
2510,France,FRA,2017,0.0,230831.0,354212.38
2511,France,FRA,2018,0.0,230831.0,579589.3
2512,France,FRA,2019,0.0,230831.0,512493.38
2578,Germany,DEU,1961,3710700.0,895956.0,1442281.0
2579,Germany,DEU,1962,3648469.0,981201.0,1538353.0
2580,Germany,DEU,1963,3917805.0,1100021.0,1609438.0
2581,Germany,DEU,1964,4151512.0,1147669.0,1623243.0
2582,Germany,DEU,1965,4332270.0,1180507.0,1767223.0
2583,Germany,DEU,1966,4194596.0,1201791.0,1845373.0
2584,Germany,DEU,1967,4337614.0,1230197.0,1895111.0
2585,Germany,DEU,1968,4556966.0,1267907.0,1988942.0
2586,Germany,DEU,1969,4638893.0,1314507.0,2012654.0
2587,Germany,DEU,1970,4824066.0,1375325.0,1899750.0
2588,Germany,DEU,1971,4913268.0,1390163.0,1709031.0
2589,Germany,DEU,1972,4955679.0,1395424.0,1898778.0
2590,Germany,DEU,1973,5094928.0,1364824.0,1883765.0
2591,Germany,DEU,1974,5522896.0,1321499.0,2010047.0
2592,Germany,DEU,1975,4867447.0,1076311.0,1797292.0
2593,Germany,DEU,1976,5378166.0,1156697.0,2065951.0
2594,Germany,DEU,1977,5674382.0,1125198.0,2143245.0
2595,Germany,DEU,1978,5862615.0,1108522.0,2164501.0
2596,Germany,DEU,1979,6099177.0,1145482.0,2350575.0
2597,Germany,DEU,1980,6123413.0,1056413.0,2379444.0
2598,Germany,DEU,1981,5746343.0,919136.0,2074858.0
2599,Germany,DEU,1982,5660265.0,849900.0,1933401.0
2600,Germany,DEU,1983,5996455.0,867246.0,2079480.0
2601,Germany,DEU,1984,6091974.0,800500.0,2154092.0
2602,Germany,DEU,1985,5845234.0,745461.0,2195355.0
2603,Germany,DEU,1986,5545960.0,688800.0,2271331.0
2604,Germany,DEU,1987,5829517.0,653194.0,2349998.0
2605,Germany,DEU,1988,5778314.0,638866.0,2300747.0
2606,Germany,DEU,1989,5335500.0,540893.0,2134000.0
2607,Germany,DEU,1990,4967300.0,294000.0,1165000.0
2608,Germany,DEU,1991,3902000.0,250000.0,1095000.0
2609,Germany,DEU,1992,3525000.0,224000.0,1191000.0
2610,Germany,DEU,1993,2860000.0,130000.0,1131000.0
2611,Germany,DEU,1994,3286000.0,19000.0,1167000.0
2612,Germany,DEU,1995,3278000.0,110000.0,1174000.0
2613,Germany,DEU,1996,3334000.0,203000.0,1269000.0
2614,Germany,DEU,1997,3423100.0,194000.0,1125000.0
2615,Germany,DEU,1998,3582000.0,184000.0,1175000.0
2616,Germany,DEU,1999,3545000.0,185000.0,1250000.0
2617,Germany,DEU,2000,3409000.0,50000.0,1039500.0
2618,Germany,DEU,2001,3550000.0,37000.0,1066394.0
2619,Germany,DEU,2002,3201163.0,59958.0,1256291.0
2620,Germany,DEU,2003,3472321.0,128762.0,1120999.0
2621,Germany,DEU,2004,3222980.0,66019.0,1160639.0
2622,Germany,DEU,2005,3395293.0,50956.0,1253773.0
2623,Germany,DEU,2006,3362168.0,34774.0,1185726.0
2624,Germany,DEU,2007,2893608.0,44025.0,1504452.0
2625,Germany,DEU,2008,2408016.0,14500.0,961882.0
2626,Germany,DEU,2009,1874683.0,15000.0,1224687.0
2627,Germany,DEU,2010,2465621.0,3000.0,1279619.0
2628,Germany,DEU,2011,2622311.0,15000.0,1145336.0
2629,Germany,DEU,2012,2727420.0,20000.0,1306175.0
2630,Germany,DEU,2013,2968400.0,39500.0,1316100.0
2631,Germany,DEU,2014,3053100.0,51500.0,1316100.0
2632,Germany,DEU,2015,3055000.0,63600.0,1253300.0
2633,Germany,DEU,2016,2759005.2,46500.0,1371485.4
2634,Germany,DEU,2017,2849186.2,44700.0,1321606.8
2635,Germany,DEU,2018,2524999.8,63500.0,1486440.6
2636,Germany,DEU,2019,2413966.2,63500.0,1508707.2
2637,Germany,DEU,2020,2530171.5,63500.0,1408090.1
2645,Greece,GRC,2002,0.0,91000.0,110771.0
2646,Greece,GRC,2003,0.0,83720.0,209625.0
2647,Greece,GRC,2004,0.0,124452.0,110771.0
2648,Greece,GRC,2005,0.0,101516.0,93051.0
2649,Greece,GRC,2006,0.0,45171.0,45171.0
2650,Greece,GRC,2007,0.0,35117.0,35117.0
2651,Greece,GRC,2008,0.0,31970.0,31970.0
2652,Greece,GRC,2009,0.0,21961.0,21961.0
2653,Greece,GRC,2010,0.0,94492.0,80421.0
2654,Greece,GRC,2011,0.0,113258.0,207705.0
2655,Greece,GRC,2012,0.0,67979.0,119737.0
2656,Greece,GRC,2013,0.0,75680.35,98237.47
2657,Greece,GRC,2014,0.0,90606.95,128936.1
2658,Greece,GRC,2015,0.0,98578.95,163168.84
2659,Greece,GRC,2016,0.0,91415.68,106637.01
2660,Greece,GRC,2017,0.0,150824.05,197665.88
2661,Greece,GRC,2018,0.0,85191.0,107946.4
2662,Greece,GRC,2019,0.0,71134.1,89425.22
2663,Greece,GRC,2020,0.0,125464.5,148207.88
2869,India,IND,2002,0.0,3802117.0,10391719.0
2870,India,IND,2003,0.0,3541900.0,10468657.0
2871,India,IND,2004,0.0,3945642.0,11205586.0
2872,India,IND,2005,0.0,4092561.0,11218193.0
2873,India,IND,2006,0.0,3251948.0,10934856.0
2874,India,IND,2007,0.0,2704779.0,10400408.0
2875,India,IND,2008,0.0,2390806.0,10430846.0
2876,India,IND,2009,0.0,3215435.0,11376729.0
2877,India,IND,2010,0.0,4303880.0,12087720.0
2878,India,IND,2011,0.0,4380901.0,12192878.0
2879,India,IND,2012,0.0,3847045.0,12159007.0
2880,India,IND,2013,0.0,3965700.0,12408600.0
2881,India,IND,2014,0.0,4118900.0,12433700.0
2882,India,IND,2015,0.0,4425800.0,13475900.0
2883,India,IND,2016,0.0,4552700.0,13376800.0
2884,India,IND,2017,0.0,4724400.0,13422600.0
2885,India,IND,2018,0.0,4590500.0,13336800.0
2886,India,IND,2019,0.0,4790700.0,13722200.0
2887,India,IND,2020,0.0,4737200.0,13744500.0
2929,Indonesia,IDN,2002,0.0,254669.0,1974661.0
2930,Indonesia,IDN,2003,0.0,526620.0,2119780.0
2931,Indonesia,IDN,2004,0.0,318134.0,2309142.0
2932,Indonesia,IDN,2005,0.0,345063.0,2875658.0
2933,Indonesia,IDN,2006,0.0,307735.0,2808307.0
2934,Indonesia,IDN,2007,0.0,349787.0,2947267.0
2935,Indonesia,IDN,2008,0.0,355103.0,3182809.0
2936,Indonesia,IDN,2009,0.0,543248.0,3599348.0
2937,Indonesia,IDN,2010,0.0,507010.0,3536584.0
2938,Indonesia,IDN,2011,0.0,490864.0,3605437.0
2939,Indonesia,IDN,2012,0.0,621815.0,3781955.0
2940,Indonesia,IDN,2013,0.0,617420.25,3634209.8
2941,Indonesia,IDN,2014,0.0,591648.4,3680263.2
2942,Indonesia,IDN,2015,0.0,579689.4,3778013.8
2943,Indonesia,IDN,2016,0.0,628594.75,3546273.8
2944,Indonesia,IDN,2017,0.0,713303.8,3805696.8
2945,Indonesia,IDN,2018,0.0,681259.9,4022317.2
2946,Indonesia,IDN,2019,0.0,659061.56,4137667.8
2947,Indonesia,IDN,2020,0.0,661392.4,4292830.0
2987,Iran,IRN,2000,7504.0,136180.0,725496.0
2988,Iran,IRN,2001,348.0,151752.0,735958.0
2989,Iran,IRN,2002,69284.18,193524.52,963082.25
2990,Iran,IRN,2003,98181.99,198834.7,950811.4
2991,Iran,IRN,2004,59317.88,207645.34,931657.25
2992,Iran,IRN,2005,138065.34,229722.38,971530.56
2993,Iran,IRN,2006,149716.52,273572.7,1081184.8
2995,Iran,IRN,2008,64990.52,121598.25,1190218.8
2996,Iran,IRN,2009,25379.09,9264.74,1203181.4
2997,Iran,IRN,2010,30955.75,5710.61,1334870.8
2999,Iran,IRN,2012,37513.27,25374.42,1781295.9
3000,Iran,IRN,2013,0.0,15380.63,1651464.0
3001,Iran,IRN,2014,16521.6,93075.21,1320919.4
3002,Iran,IRN,2015,8324.01,24206.48,1613275.2
3003,Iran,IRN,2016,0.0,86304.13,1439611.1
3045,Iraq,IRQ,2002,0.0,119600.0,523300.0
3046,Iraq,IRQ,2003,0.0,30000.0,30000.0
3047,Iraq,IRQ,2004,0.0,20000.0,98454.0
3048,Iraq,IRQ,2005,0.0,24450.0,138940.0
3049,Iraq,IRQ,2006,0.0,15900.0,151720.0
3050,Iraq,IRQ,2007,0.0,18140.0,110220.0
3051,Iraq,IRQ,2008,0.0,22240.0,149300.0
3055,Iraq,IRQ,2012,0.0,2300.0,123280.0
3056,Iraq,IRQ,2013,0.0,27140.0,135240.0
3057,Iraq,IRQ,2014,0.0,4095.0,47464.94
3058,Iraq,IRQ,2015,0.0,2138.4,31392.98
3059,Iraq,IRQ,2016,0.0,2755.44,114212.4
3060,Iraq,IRQ,2017,0.0,2755.44,114212.4
3061,Iraq,IRQ,2018,0.0,2755.44,114212.4
3062,Iraq,IRQ,2019,0.0,2755.44,114212.4
3063,Iraq,IRQ,2020,0.0,2755.44,114212.4
3155,Israel,ISR,1961,85095.0,13561.0,16122.0
3156,Israel,ISR,1962,101626.0,11328.0,20090.0
3157,Israel,ISR,1963,120048.0,12205.0,21984.0
3158,Israel,ISR,1964,228000.0,12650.0,22800.0
3159,Israel,ISR,1965,314760.0,12850.0,24605.0
3160,Israel,ISR,1966,297070.0,14065.0,24790.0
3161,Israel,ISR,1967,329400.0,21470.0,25920.0
3162,Israel,ISR,1968,343430.0,13740.0,27630.0
3163,Israel,ISR,1969,434930.0,16615.0,29545.0
3164,Israel,ISR,1970,575840.0,16315.0,26860.0
3165,Israel,ISR,1971,552050.0,18750.0,32410.0
3166,Israel,ISR,1972,621590.0,17610.0,33740.0
3167,Israel,ISR,1973,514840.0,17210.0,43820.0
3168,Israel,ISR,1974,653920.0,19015.0,51890.0
3169,Israel,ISR,1975,712480.0,32790.0,59070.0
3170,Israel,ISR,1976,644770.0,35770.0,56455.0
3171,Israel,ISR,1977,683200.0,46785.0,68095.0
3172,Israel,ISR,1978,675758.0,29550.0,79500.0
3173,Israel,ISR,1979,791800.0,35835.0,76070.0
3174,Israel,ISR,1980,811800.0,41356.0,62286.0
3175,Israel,ISR,1981,884900.0,38405.0,62430.0
3176,Israel,ISR,1982,945960.0,58000.0,74138.0
3177,Israel,ISR,1983,942000.0,96300.0,81650.0
3178,Israel,ISR,1984,1127000.0,119000.0,80500.0
3179,Israel,ISR,1985,1138600.0,127800.0,79000.0
3180,Israel,ISR,1986,1240000.0,120000.0,75600.0
3181,Israel,ISR,1987,1252000.0,160000.0,74000.0
3182,Israel,ISR,1988,1218400.0,147000.0,66300.0
3183,Israel,ISR,1989,1301000.0,181000.0,67000.0
3184,Israel,ISR,1990,1296000.0,200000.0,66000.0
3185,Israel,ISR,1991,1250000.0,185000.0,76400.0
3186,Israel,ISR,1992,1206000.0,210000.0,63900.0
3187,Israel,ISR,1993,1342000.0,190000.0,75000.0
3188,Israel,ISR,1994,1260000.0,190000.0,65000.0
3189,Israel,ISR,1995,1326000.0,216000.0,75000.0
3190,Israel,ISR,1996,1500000.0,222000.0,76000.0
3191,Israel,ISR,1997,1488000.0,244000.0,88000.0
3192,Israel,ISR,1998,1668000.0,250000.0,87000.0
3193,Israel,ISR,1999,1701600.0,272300.0,83500.0
3194,Israel,ISR,2000,1747800.0,300000.0,89400.0
3195,Israel,ISR,2001,1774400.0,249100.0,74750.0
3196,Israel,ISR,2002,1730698.1,283052.47,91718.23
3197,Israel,ISR,2003,1709310.2,316488.9,80736.97
3198,Israel,ISR,2004,2012490.4,350511.88,97489.73
3199,Israel,ISR,2005,1762014.6,352616.9,79189.93
3200,Israel,ISR,2006,1296221.2,427780.2,85094.42
3201,Israel,ISR,2007,2056274.6,412328.78,81782.75
3202,Israel,ISR,2008,2101847.5,451268.78,97267.52
3203,Israel,ISR,2009,974575.7,250692.92,39783.44
3204,Israel,ISR,2010,2162059.5,404478.28,92511.55
3205,Israel,ISR,2011,2095569.4,381879.22,48408.21
3206,Israel,ISR,2012,1815776.8,378731.4,56049.99
3207,Israel,ISR,2013,1865150.0,449324.75,55644.57
3208,Israel,ISR,2014,2138297.5,386592.2,58785.36
3209,Israel,ISR,2015,1457610.2,400880.34,42460.45
3210,Israel,ISR,2016,1930932.0,404003.94,31726.43
3211,Israel,ISR,2017,2230429.2,378524.38,31726.43
3212,Israel,ISR,2018,2288125.0,398180.47,31726.43
3213,Israel,ISR,2019,2081322.1,387095.16,31726.43
3214,Israel,ISR,2020,2162249.0,346872.4,31726.43
3215,Italy,ITA,1961,87346.0,423202.0,688747.0
3216,Italy,ITA,1962,114295.0,426853.0,725408.0
3217,Italy,ITA,1963,136475.0,454230.0,773528.0
3218,Italy,ITA,1964,168547.0,450851.0,836340.0
3219,Italy,ITA,1965,173259.0,512257.0,904883.0
3220,Italy,ITA,1966,175124.0,516074.0,950113.0
3221,Italy,ITA,1967,162213.0,552751.0,1095845.0
3222,Italy,ITA,1968,184015.0,554117.0,1088460.0
3223,Italy,ITA,1969,166460.0,540314.0,960301.0
3224,Italy,ITA,1970,155030.0,509933.0,955814.0
3225,Italy,ITA,1971,157218.0,504043.0,1034191.0
3226,Italy,ITA,1972,130551.0,500049.0,1045519.0
3227,Italy,ITA,1973,137073.0,441600.0,1129300.0
3228,Italy,ITA,1974,165616.0,409689.0,1131442.0
3229,Italy,ITA,1975,142050.0,269790.0,970028.0
3230,Italy,ITA,1976,141100.0,382560.0,985312.0
3231,Italy,ITA,1977,134210.0,497830.0,1037100.0
3232,Italy,ITA,1978,134717.0,392375.0,1382696.0
3233,Italy,ITA,1979,118064.0,523772.0,1462199.0
3234,Italy,ITA,1980,95103.0,446923.0,1335393.0
3235,Italy,ITA,1981,119890.0,395074.0,1149863.0
3236,Italy,ITA,1982,134840.0,475818.0,1132487.0
3237,Italy,ITA,1983,125331.0,452516.0,1095982.0
3238,Italy,ITA,1984,140563.0,427173.0,1332779.0
3239,Italy,ITA,1985,139934.0,405535.0,1242401.0
3240,Italy,ITA,1986,112187.0,359785.0,1144859.0
3241,Italy,ITA,1987,128126.0,450247.0,1279019.0
3242,Italy,ITA,1988,159414.0,518000.0,1297085.0
3243,Italy,ITA,1989,130548.0,435000.0,1168586.0
3244,Italy,ITA,1990,6008.0,325000.0,862000.0
3245,Italy,ITA,1991,126100.0,388740.0,917300.0
3246,Italy,ITA,1992,25000.0,166000.0,991000.0
3247,Italy,ITA,2002,0.0,115524.0,400200.0
3248,Italy,ITA,2003,0.0,50000.0,483828.0
3249,Italy,ITA,2004,0.0,50000.0,609629.0
3251,Italy,ITA,2006,0.0,68731.6,256142.4
3252,Italy,ITA,2007,0.0,79172.0,78564.0
3253,Italy,ITA,2008,0.0,121709.4,315982.4
3254,Italy,ITA,2009,0.0,82461.0,249826.4
3255,Italy,ITA,2010,0.0,122429.8,146061.4
3256,Italy,ITA,2011,0.0,135138.6,108403.6
3257,Italy,ITA,2012,0.0,124708.0,177367.0
3258,Italy,ITA,2013,0.0,164052.6,292928.4
3259,Italy,ITA,2014,0.0,151538.6,246106.8
3260,Italy,ITA,2015,0.0,144487.8,253789.6
3261,Italy,ITA,2016,0.0,123876.4,339186.6
3262,Italy,ITA,2017,0.0,93096.8,287388.2
3263,Italy,ITA,2018,0.0,93096.8,287388.2
3264,Italy,ITA,2019,0.0,93096.8,287388.2
3265,Italy,ITA,2020,0.0,93096.8,287388.2
3280,Japan,JPN,1993,32200.0,383000.0,867700.0
3281,Japan,JPN,1994,36800.0,336000.0,890900.0
3282,Japan,JPN,1995,23200.0,307000.0,872500.0
3283,Japan,JPN,1996,21400.0,278000.0,883400.0
3284,Japan,JPN,1997,19600.0,263000.0,829700.0
3285,Japan,JPN,1998,15700.0,248900.0,798600.0
3286,Japan,JPN,1999,18000.0,234100.0,802400.0
3287,Japan,JPN,2014,0.0,193817.0,547850.0
3288,Japan,JPN,2015,0.0,181407.0,536731.0
3289,Japan,JPN,2016,0.0,196102.0,567975.0
3290,Japan,JPN,2017,0.0,196020.0,556577.0
3291,Japan,JPN,2018,0.0,194008.0,541702.0
3292,Japan,JPN,2019,0.0,188895.45,524242.38
3293,Japan,JPN,2020,0.0,183099.95,525463.06
3340,Jordan,JOR,1983,168000.0,138736.0,54288.0
3341,Jordan,JOR,1984,291000.0,248860.0,97380.0
3342,Jordan,JOR,1985,544920.0,234830.0,91890.0
3343,Jordan,JOR,1986,662400.0,253460.0,99160.0
3344,Jordan,JOR,1987,720000.0,278300.0,108900.0
3345,Jordan,JOR,1988,805000.0,282900.0,110700.0
3346,Jordan,JOR,1989,810400.0,277200.0,108500.0
3347,Jordan,JOR,1990,841591.0,274160.0,108000.0
3348,Jordan,JOR,1991,818442.0,235000.0,107820.0
3349,Jordan,JOR,1992,807612.0,254600.0,99644.0
3350,Jordan,JOR,1993,822057.0,278300.0,84609.0
3351,Jordan,JOR,1994,930200.0,344800.0,134900.0
3352,Jordan,JOR,1995,1068000.0,335500.0,131200.0
3353,Jordan,JOR,1996,1059200.0,308660.0,120780.0
3354,Jordan,JOR,1997,849405.0,279426.0,127900.0
3355,Jordan,JOR,1998,916169.0,338857.0,149600.0
3356,Jordan,JOR,1999,1080100.0,336000.0,145000.0
3357,Jordan,JOR,2000,1161593.0,234000.0,113600.0
3358,Jordan,JOR,2001,1177521.0,277240.0,121000.0
3359,Jordan,JOR,2002,1173600.0,263120.0,102960.0
3360,Jordan,JOR,2003,1176000.0,231380.0,90540.0
3361,Jordan,JOR,2004,1157400.0,302680.0,118440.0
3362,Jordan,JOR,2005,1097400.0,302220.0,118260.0
3363,Jordan,JOR,2006,1036000.0,331410.0,162260.0
3364,Jordan,JOR,2007,1142100.0,342730.0,158760.0
3365,Jordan,JOR,2008,1220000.0,315360.0,150020.0
3366,Jordan,JOR,2009,690450.0,294230.0,119790.0
3367,Jordan,JOR,2010,1218150.0,336270.0,148770.0
3368,Jordan,JOR,2011,1411800.0,364430.0,159520.0
3369,Jordan,JOR,2012,1149000.0,283360.0,128860.0
3370,Jordan,JOR,2013,1112550.0,275140.0,132530.0
3371,Jordan,JOR,2014,1335150.0,294350.0,145790.0
3372,Jordan,JOR,2015,1413000.0,270100.0,109600.0
3373,Jordan,JOR,2016,1202100.0,220000.0,90500.0
3374,Jordan,JOR,2017,1392500.0,301700.0,121900.0
3375,Jordan,JOR,2018,1486000.0,365100.0,144900.0
3376,Jordan,JOR,2019,1486000.0,365100.0,144900.0
3377,Jordan,JOR,2020,1486000.0,365100.0,144900.0
3388,Kazakhstan,KAZ,2004,0.0,120013.0,37985.0
3389,Kazakhstan,KAZ,2010,747.0,7458.0,49743.0
3390,Kazakhstan,KAZ,2011,742.0,12093.0,69169.0
3391,Kazakhstan,KAZ,2012,217.0,13074.0,49941.0
3392,Kazakhstan,KAZ,2013,1293.0,71585.0,90157.36
3393,Kazakhstan,KAZ,2014,2293.0,87960.0,130589.1
3394,Kazakhstan,KAZ,2015,2478.0,93170.0,139370.48
3395,Kazakhstan,KAZ,2016,1455.0,92690.0,153654.06
3396,Kazakhstan,KAZ,2017,1621.0,169303.0,161476.86
3397,Kazakhstan,KAZ,2018,757.0,140739.0,156278.06
3398,Kazakhstan,KAZ,2019,573.0,192804.0,162163.2
3399,Kazakhstan,KAZ,2020,209.0,195729.0,155548.27
3638,Lebanon,LBN,2002,0.0,77000.0,0.0
3639,Lebanon,LBN,2003,0.0,73000.0,0.0
3640,Lebanon,LBN,2004,0.0,105000.0,0.0
3641,Lebanon,LBN,2005,0.0,106000.0,0.0
3642,Lebanon,LBN,2006,0.0,110000.0,0.0
3643,Lebanon,LBN,2007,0.0,125000.0,0.0
3644,Lebanon,LBN,2008,0.0,120000.0,0.0
3645,Lebanon,LBN,2009,0.0,75000.0,0.0
3646,Lebanon,LBN,2010,0.0,115000.0,0.0
3647,Lebanon,LBN,2011,0.0,116000.0,0.0
3648,Lebanon,LBN,2012,0.0,96000.0,0.0
3649,Lebanon,LBN,2013,0.0,80000.0,0.0
3650,Lebanon,LBN,2014,0.0,90000.0,0.0
3651,Lebanon,LBN,2015,0.0,100000.0,0.0
3652,Lebanon,LBN,2016,0.0,110000.0,0.0
3653,Lebanon,LBN,2017,0.0,110000.0,0.0
3654,Lebanon,LBN,2018,0.0,110000.0,0.0
3655,Lebanon,LBN,2019,0.0,110000.0,0.0
3656,Lebanon,LBN,2020,0.0,110000.0,0.0
3734,Lithuania,LTU,2002,0.0,343693.0,506617.0
3735,Lithuania,LTU,2003,0.0,381895.0,548341.0
3736,Lithuania,LTU,2004,0.0,392679.0,569801.0
3737,Lithuania,LTU,2005,0.0,400141.0,670206.0
3738,Lithuania,LTU,2006,0.0,411136.0,631092.0
3739,Lithuania,LTU,2007,0.0,437012.0,751488.0
3740,Lithuania,LTU,2008,0.0,405152.0,695420.0
3741,Lithuania,LTU,2009,0.0,426874.0,676769.0
3742,Lithuania,LTU,2010,0.0,420849.0,646986.0
3743,Lithuania,LTU,2011,0.0,397279.0,849503.0
3744,Lithuania,LTU,2012,0.0,365603.0,834331.0
3745,Lithuania,LTU,2013,0.0,377052.0,688390.0
3746,Lithuania,LTU,2014,0.0,378023.72,796073.0
3747,Lithuania,LTU,2015,0.0,377638.62,875928.94
3748,Lithuania,LTU,2016,0.0,372006.94,752646.0
3749,Lithuania,LTU,2017,0.0,382569.84,928641.0
3750,Lithuania,LTU,2018,0.0,348442.0,780374.3
3751,Lithuania,LTU,2019,0.0,328899.9,865024.56
3752,Lithuania,LTU,2020,0.0,341686.44,843058.4
4049,Mexico,MEX,2002,0.0,115237.0,273628.0
4050,Mexico,MEX,2003,0.0,102137.0,204562.0
4051,Mexico,MEX,2004,0.0,144187.0,275000.0
4052,Mexico,MEX,2013,0.0,491100.0,690200.0
4053,Mexico,MEX,2014,0.0,470000.0,645300.0
4054,Mexico,MEX,2015,0.0,462100.0,611600.0
4055,Mexico,MEX,2016,0.0,539200.0,548500.0
4056,Mexico,MEX,2017,0.0,482500.0,544700.0
4057,Mexico,MEX,2018,0.0,505300.0,513400.0
4058,Mexico,MEX,2019,0.0,505300.0,513400.0
4059,Mexico,MEX,2020,0.0,205658.4,239601.56
4171,Morocco,MAR,2002,0.0,1148270.0,338650.0
4172,Morocco,MAR,2003,0.0,1118380.0,308000.0
4173,Morocco,MAR,2004,0.0,1057160.0,329160.0
4174,Morocco,MAR,2005,0.0,1042130.0,264100.0
4175,Morocco,MAR,2006,0.0,1154570.0,298940.0
4176,Morocco,MAR,2007,0.0,1168400.0,275500.0
4177,Morocco,MAR,2008,0.0,922200.0,197940.0
4178,Morocco,MAR,2010,0.0,1840329.0,498332.0
4179,Morocco,MAR,2011,0.0,2070791.0,562687.0
4180,Morocco,MAR,2012,0.0,2398675.0,641867.0
4181,Morocco,MAR,2013,0.0,1999230.4,540007.44
4182,Morocco,MAR,2014,0.0,2257863.0,572898.2
4183,Morocco,MAR,2015,0.0,2031414.2,621676.56
4184,Morocco,MAR,2016,0.0,2764620.0,803835.56
4185,Morocco,MAR,2017,0.0,4023400.0,1222800.0
4186,Morocco,MAR,2018,0.0,3715400.0,1135100.0
4187,Morocco,MAR,2019,0.0,3715400.0,1135100.0
4188,Morocco,MAR,2020,0.0,3715400.0,1135100.0
4400,Netherlands,NLD,1961,2600.0,182400.0,435400.0
4401,Netherlands,NLD,1962,2568.0,159351.0,456623.0
4402,Netherlands,NLD,1963,2500.0,191900.0,474200.0
4403,Netherlands,NLD,1964,2514.0,203704.0,527161.0
4404,Netherlands,NLD,1965,2506.0,201052.0,561473.0
4405,Netherlands,NLD,1966,588.0,204979.0,684070.0
4406,Netherlands,NLD,1967,848.0,251339.0,849349.0
4407,Netherlands,NLD,1968,951.0,273292.0,954119.0
4408,Netherlands,NLD,1969,878.0,283865.0,892642.0
4409,Netherlands,NLD,1970,947.0,275207.0,956863.0
4410,Netherlands,NLD,1971,1415.0,294777.0,1038025.0
4411,Netherlands,NLD,1972,3587.0,351492.0,1216594.0
4412,Netherlands,NLD,1973,195.0,349766.0,1211761.0
4413,Netherlands,NLD,1974,2601.0,337227.0,1334532.0
4414,Netherlands,NLD,1975,3085.0,179178.0,1155309.0
4415,Netherlands,NLD,2002,0.0,112213.0,1478365.0
4416,Netherlands,NLD,2003,0.0,158500.0,1427083.0
4417,Netherlands,NLD,2004,0.0,166221.0,1584753.0
4418,Netherlands,NLD,2005,0.0,204660.0,1534664.0
4419,Netherlands,NLD,2006,0.0,171776.0,1536210.0
4420,Netherlands,NLD,2012,0.0,112500.0,1650206.0
4421,Netherlands,NLD,2013,0.0,100193.0,1734418.0
4422,Netherlands,NLD,2014,0.0,113538.0,1878333.0
4423,Netherlands,NLD,2015,0.0,126883.0,2022248.0
4424,Netherlands,NLD,2016,0.0,140228.0,2166163.0
4425,Netherlands,NLD,2017,0.0,93800.0,1683800.0
4426,Netherlands,NLD,2018,0.0,69700.0,1553000.0
4427,Netherlands,NLD,2019,0.0,69700.0,1553000.0
4428,Netherlands,NLD,2020,0.0,69700.0,1553000.0
4465,New Zealand,NZL,2002,0.0,286841.0,113994.0
4466,New Zealand,NZL,2003,0.0,297005.0,119960.0
4467,New Zealand,NZL,2004,0.0,159453.0,184454.0
4468,New Zealand,NZL,2005,0.0,132184.0,174012.0
4469,New Zealand,NZL,2006,0.0,113563.0,129765.0
4470,New Zealand,NZL,2013,0.0,250000.0,103400.0
4471,New Zealand,NZL,2014,0.0,216800.0,125100.0
4472,New Zealand,NZL,2015,0.0,190200.0,109400.0
4473,New Zealand,NZL,2016,0.0,177500.0,104500.0
4474,New Zealand,NZL,2017,0.0,195000.0,104000.0
4475,New Zealand,NZL,2018,0.0,195000.0,104000.0
4476,New Zealand,NZL,2019,0.0,195000.0,104000.0
4477,New Zealand,NZL,2020,0.0,195000.0,104000.0
4593,North Korea,PRK,1961,0.0,45000.0,84000.0
4594,North Korea,PRK,1962,0.0,45000.0,74000.0
4595,North Korea,PRK,1963,0.0,45000.0,83000.0
4596,North Korea,PRK,1964,0.0,45000.0,92000.0
4597,North Korea,PRK,1965,0.0,58000.0,105000.0
4598,North Korea,PRK,1966,0.0,60000.0,121000.0
4599,North Korea,PRK,1967,0.0,63000.0,130000.0
4600,North Korea,PRK,1968,0.0,64000.0,140000.0
4601,North Korea,PRK,1969,0.0,69000.0,157000.0
4602,North Korea,PRK,1970,0.0,87000.0,205000.0
4603,North Korea,PRK,1971,0.0,98000.0,220000.0
4604,North Korea,PRK,1972,0.0,105000.0,230000.0
4605,North Korea,PRK,1973,0.0,81000.0,240000.0
4606,North Korea,PRK,1974,0.0,113000.0,250000.0
4607,North Korea,PRK,1975,0.0,115000.0,260000.0
4608,North Korea,PRK,1976,0.0,127000.0,370000.0
4609,North Korea,PRK,1977,0.0,127000.0,440000.0
4610,North Korea,PRK,1978,0.0,127000.0,540000.0
4611,North Korea,PRK,1979,0.0,127000.0,550000.0
4612,North Korea,PRK,1980,0.0,127000.0,553000.0
4613,North Korea,PRK,1981,0.0,130000.0,600000.0
4614,North Korea,PRK,1982,0.0,130000.0,588000.0
4615,North Korea,PRK,1983,0.0,130000.0,608000.0
4616,North Korea,PRK,1984,0.0,132000.0,620000.0
4617,North Korea,PRK,1985,0.0,135000.0,630000.0
4618,North Korea,PRK,1986,0.0,137000.0,640000.0
4619,North Korea,PRK,1987,0.0,137000.0,650000.0
4620,North Korea,PRK,1988,0.0,137000.0,660000.0
4621,North Korea,PRK,1989,0.0,137000.0,660000.0
4622,North Korea,PRK,1990,0.0,137000.0,660000.0
4623,North Korea,PRK,1991,0.0,137000.0,660000.0
4624,North Korea,PRK,1992,0.0,130000.0,660000.0
4625,North Korea,PRK,1993,0.0,130000.0,660000.0
4626,North Korea,PRK,1994,0.0,20000.0,314000.0
4627,North Korea,PRK,1995,0.0,20000.0,75000.0
4628,North Korea,PRK,1996,0.0,20000.0,72000.0
4629,North Korea,PRK,1997,0.0,20000.0,72000.0
4630,North Korea,PRK,1998,0.0,10000.0,72000.0
4631,North Korea,PRK,1999,0.0,32000.0,72000.0
4632,North Korea,PRK,2000,0.0,20000.0,30000.0
4633,North Korea,PRK,2001,0.0,20000.0,7000.0
4634,North Korea,PRK,2002,0.0,20000.0,2000.0
4635,North Korea,PRK,2003,0.0,20000.0,2000.0
4846,Norway,NOR,2002,0.0,278864.78,459180.0
4847,Norway,NOR,2003,0.0,288523.25,433288.84
4848,Norway,NOR,2004,0.0,311140.88,454405.7
4849,Norway,NOR,2005,0.0,291914.47,420185.72
4850,Norway,NOR,2006,0.0,323747.34,497047.53
4851,Norway,NOR,2007,0.0,321387.8,521170.34
4852,Norway,NOR,2008,0.0,325323.5,499168.56
4853,Norway,NOR,2009,0.0,206690.73,341414.2
4854,Norway,NOR,2010,0.0,311655.3,516685.12
4855,Norway,NOR,2011,0.0,297976.12,504870.84
4856,Norway,NOR,2012,0.0,324393.0,511352.97
4857,Norway,NOR,2013,0.0,361899.97,581576.06
4858,Norway,NOR,2014,0.0,366613.84,549618.44
4859,Norway,NOR,2015,0.0,350198.34,589343.0
4860,Norway,NOR,2016,0.0,342526.94,534248.25
4861,Norway,NOR,2017,0.0,357710.5,570914.9
4862,Norway,NOR,2018,0.0,360924.28,637166.44
4863,Norway,NOR,2019,0.0,374830.1,615440.3
4864,Norway,NOR,2020,0.0,359195.78,630373.56
4985,Pakistan,PAK,2002,11000.0,111000.0,2192000.0
4986,Pakistan,PAK,2003,13000.0,143760.0,2260071.0
4987,Pakistan,PAK,2004,21000.0,301051.0,2267285.0
4988,Pakistan,PAK,2005,15000.0,343937.0,2424785.0
4989,Pakistan,PAK,2006,10000.0,323539.0,2464737.0
4990,Pakistan,PAK,2007,13000.0,292623.0,2442411.0
4991,Pakistan,PAK,2008,10000.0,330510.0,2544878.0
4992,Pakistan,PAK,2009,10000.0,376066.0,2579587.0
4993,Pakistan,PAK,2010,12000.0,410965.0,2707356.0
4994,Pakistan,PAK,2011,10000.0,441894.0,2613167.0
4995,Pakistan,PAK,2012,7500.0,401228.0,2235192.0
4996,Pakistan,PAK,2013,9606.0,462928.0,2455549.0
4997,Pakistan,PAK,2014,12186.0,458807.0,2621809.0
4998,Pakistan,PAK,2015,12987.0,544531.0,2927796.0
4999,Pakistan,PAK,2016,11683.16,536628.8,3213797.0
5000,Pakistan,PAK,2017,10271.44,541984.8,3063037.0
5001,Pakistan,PAK,2018,10271.44,541984.8,3063037.0
5002,Pakistan,PAK,2019,18205.0,511597.0,3208561.0
5003,Pakistan,PAK,2020,18833.0,571890.0,3370461.0
5139,Philippines,PHL,2013,42702.0,45862.0,46027.0
5140,Philippines,PHL,2014,43118.0,46079.0,46839.0
5141,Philippines,PHL,2015,13702.0,27768.27,45734.0
5142,Philippines,PHL,2016,42700.37,39754.62,50163.28
5143,Philippines,PHL,2017,44083.59,69776.24,68167.1
5144,Philippines,PHL,2018,72320.55,92163.95,93485.74
5145,Philippines,PHL,2019,22741.75,28649.14,26461.23
5146,Philippines,PHL,2020,53901.22,65435.85,65041.43
5199,Poland,POL,2002,280000.0,527000.0,1305000.0
5200,Poland,POL,2003,265000.0,553000.0,1626000.0
5201,Poland,POL,2004,366000.0,594000.0,1644000.0
5202,Poland,POL,2005,313000.0,596000.0,1735000.0
5203,Poland,POL,2006,293000.0,595000.0,1714000.0
5204,Poland,POL,2007,349000.0,648000.0,1833000.0
5205,Poland,POL,2008,308000.0,536000.0,1716000.0
5206,Poland,POL,2009,190000.0,241000.0,1545000.0
5207,Poland,POL,2010,330000.0,486000.0,1637000.0
5208,Poland,POL,2011,330000.0,538000.0,1766000.0
5209,Poland,POL,2012,347000.0,474000.0,1880000.0
5210,Poland,POL,2013,306000.0,372000.0,1834000.0
5211,Poland,POL,2014,301282.0,413329.0,1948991.0
5212,Poland,POL,2015,383140.0,475265.0,2010160.0
5213,Poland,POL,2016,399368.0,475114.0,1966820.0
5214,Poland,POL,2017,430311.0,469098.0,2057909.0
5215,Poland,POL,2018,420665.0,441591.0,2023411.0
5216,Poland,POL,2019,420802.0,474011.0,2006141.0
5217,Poland,POL,2020,380917.0,449626.0,2098027.0
5278,Portugal,PRT,2002,0.0,87069.99,157000.77
5279,Portugal,PRT,2003,0.0,78576.48,152739.5
5280,Portugal,PRT,2004,0.0,70082.97,148478.22
5281,Portugal,PRT,2005,0.0,61589.47,144216.94
5282,Portugal,PRT,2006,0.0,53095.96,139955.67
5283,Portugal,PRT,2007,0.0,18535.7,168465.95
5284,Portugal,PRT,2008,0.0,51908.24,143489.44
5285,Portugal,PRT,2009,0.0,18818.6,73613.51
5286,Portugal,PRT,2010,0.0,50098.6,111061.11
5287,Portugal,PRT,2011,0.0,55129.62,124766.43
5288,Portugal,PRT,2012,0.0,51687.52,117560.29
5289,Portugal,PRT,2013,0.0,41969.64,91240.94
5290,Portugal,PRT,2014,0.0,47030.62,114383.64
5291,Portugal,PRT,2015,0.0,48876.14,113688.18
5292,Portugal,PRT,2016,0.0,48743.3,109991.95
5293,Portugal,PRT,2017,0.0,46764.83,113186.47
5294,Portugal,PRT,2018,0.0,48062.06,70024.68
5295,Portugal,PRT,2019,0.0,48062.06,70024.68
5296,Portugal,PRT,2020,0.0,48062.06,70024.68
5386,Romania,ROU,2002,0.0,73200.0,762800.0
5387,Romania,ROU,2003,0.0,70300.0,715200.0
5388,Romania,ROU,2004,0.0,65000.0,941400.0
5389,Romania,ROU,2005,0.0,105000.0,1170700.0
5390,Romania,ROU,2006,0.0,78400.0,970400.0
5391,Romania,ROU,2007,0.0,68000.0,991000.0
5392,Romania,ROU,2008,0.0,60000.0,898000.0
5393,Romania,ROU,2009,0.0,70000.0,909300.0
5394,Romania,ROU,2010,0.0,80000.0,656664.9
5395,Romania,ROU,2011,0.0,80000.0,588155.5
5396,Romania,ROU,2012,0.0,114000.0,595484.94
5397,Romania,ROU,2013,0.0,65804.7,673083.75
5398,Romania,ROU,2014,0.0,59140.95,707853.4
5399,Romania,ROU,2015,0.0,71691.45,406330.75
5400,Romania,ROU,2016,0.0,70770.6,326741.4
5401,Romania,ROU,2017,0.0,68106.75,395367.12
5402,Romania,ROU,2018,0.0,81508.05,450224.84
5403,Romania,ROU,2019,0.0,81508.05,802335.0
5404,Romania,ROU,2020,0.0,81508.05,1205134.0
5446,Russia,RUS,1992,3454200.0,3000000.0,5825000.0
5447,Russia,RUS,1993,2628000.0,2511800.0,4805000.0
5448,Russia,RUS,1994,2498200.0,1716000.0,4129000.0
5449,Russia,RUS,1995,2814000.0,1933000.0,4856000.0
5450,Russia,RUS,1996,2618000.0,1575000.0,4900000.0
5451,Russia,RUS,1997,3403000.0,1853000.0,4094700.0
5452,Russia,RUS,1998,3461000.0,1688000.0,4135000.0
5453,Russia,RUS,1999,4050000.0,2017000.0,4966100.0
5454,Russia,RUS,2000,3716000.0,2319800.0,5451900.0
5455,Russia,RUS,2001,4257600.0,2402200.0,5874000.0
5456,Russia,RUS,2002,5080000.0,2513000.0,5968000.0
5457,Russia,RUS,2003,5465000.0,2593000.0,5995000.0
5458,Russia,RUS,2004,6405000.0,2802000.0,6591000.0
5459,Russia,RUS,2005,7131000.0,2766000.0,6725000.0
5460,Russia,RUS,2006,6610000.0,2766000.0,6830000.0
5461,Russia,RUS,2007,7277000.0,2807000.0,7203000.0
5462,Russia,RUS,2008,6738000.0,2571000.0,6890000.0
5463,Russia,RUS,2009,4145250.0,1111416.0,5463668.0
5464,Russia,RUS,2010,6662640.0,2576658.0,7583682.0
5465,Russia,RUS,2011,7088670.0,2343370.0,7776514.0
5466,Russia,RUS,2012,6008250.0,2157688.0,7706191.0
5467,Russia,RUS,2013,7150000.0,3053100.0,8237800.0
5468,Russia,RUS,2014,8441000.0,3065800.0,8216800.0
5469,Russia,RUS,2015,8093900.0,3319200.0,8732400.0
5470,Russia,RUS,2016,7770000.0,3576000.0,9474800.0
5471,Russia,RUS,2017,8649400.0,3865500.0,10052200.0
5472,Russia,RUS,2018,8547600.0,3992600.0,10421300.0
5473,Russia,RUS,2019,8675000.0,4115200.0,10913200.0
5474,Russia,RUS,2020,9477000.0,4246600.0,11189700.0
5531,Saudi Arabia,SAU,2002,0.0,123980.0,1426800.0
5532,Saudi Arabia,SAU,2003,0.0,152760.0,1426800.0
5533,Saudi Arabia,SAU,2004,0.0,116000.0,1418600.0
5534,Saudi Arabia,SAU,2005,0.0,135380.0,1459600.0
5535,Saudi Arabia,SAU,2006,0.0,105390.0,1640000.0
5536,Saudi Arabia,SAU,2007,0.0,139100.0,2132000.0
5537,Saudi Arabia,SAU,2008,0.0,75500.0,2132000.0
5539,Saudi Arabia,SAU,2010,0.0,115290.0,2132000.0
5540,Saudi Arabia,SAU,2011,0.0,300000.0,2132000.0
5541,Saudi Arabia,SAU,2012,0.0,900000.0,2132000.0
5542,Saudi Arabia,SAU,2013,0.0,898457.8,2573298.0
5543,Saudi Arabia,SAU,2014,0.0,900000.0,1999436.2
5544,Saudi Arabia,SAU,2015,0.0,1328400.0,2320300.0
5545,Saudi Arabia,SAU,2016,0.0,1343400.0,2577500.0
5546,Saudi Arabia,SAU,2018,0.0,1476500.0,2760800.0
5547,Saudi Arabia,SAU,2019,0.0,1476500.0,2760800.0
5548,Saudi Arabia,SAU,2020,0.0,1476500.0,2760800.0
5582,Senegal,SEN,2002,0.0,28800.0,15000.0
5583,Senegal,SEN,2003,0.0,26800.0,32028.0
5584,Senegal,SEN,2004,0.0,29000.0,24893.0
5585,Senegal,SEN,2005,0.0,29100.0,15856.0
5586,Senegal,SEN,2006,0.0,2300.0,2599.0
5587,Senegal,SEN,2007,0.0,13100.0,5903.0
5588,Senegal,SEN,2008,0.0,4400.0,4812.0
5592,Senegal,SEN,2015,0.0,10600.0,4932.26
5593,Senegal,SEN,2016,0.0,13284.8,11384.7
5594,Senegal,SEN,2017,0.0,58334.9,26959.25
5595,Senegal,SEN,2018,0.0,40519.56,14146.27
5596,Senegal,SEN,2019,0.0,7366.9,18929.56
5597,Senegal,SEN,2020,0.0,7366.9,20224.3
5636,Serbia,SRB,2006,0.0,22111.0,104146.0
5637,Serbia,SRB,2007,0.0,25456.0,155873.0
5638,Serbia,SRB,2008,0.0,32403.0,86162.0
5639,Serbia,SRB,2009,0.0,34105.0,119442.0
5640,Serbia,SRB,2010,0.0,40977.0,138202.0
5641,Serbia,SRB,2011,0.0,40525.0,176497.0
5642,Serbia,SRB,2012,0.0,37284.0,187003.0
5643,Serbia,SRB,2013,0.0,35533.4,192232.44
5644,Serbia,SRB,2014,0.0,38916.9,103510.38
5645,Serbia,SRB,2015,0.0,34154.25,74132.85
5646,Serbia,SRB,2016,0.0,38168.1,66569.1
5647,Serbia,SRB,2017,0.0,40788.9,79238.7
5648,Serbia,SRB,2018,0.0,41354.1,84879.5
5649,Serbia,SRB,2019,0.0,62140.8,82039.96
5650,Serbia,SRB,2020,0.0,77432.73,71398.79
5651,Serbia and Montenegro,OWID_SRM,2002,33766.0,35549.0,111864.0
5652,Serbia and Montenegro,OWID_SRM,2003,39523.0,41915.0,87688.0
5653,Serbia and Montenegro,OWID_SRM,2004,42425.0,43835.0,199317.0
5654,Serbia and Montenegro,OWID_SRM,2005,39087.0,40421.0,184512.0
5710,Slovenia,SVN,2002,5.0,59.0,351.0
5711,Slovenia,SVN,2003,1.0,24.0,295.0
5712,Slovenia,SVN,2004,5.0,29.0,375.0
5713,Slovenia,SVN,2005,26.0,4.0,27.0
5789,South Africa,ZAF,2004,0.0,205300.0,285900.0
5790,South Africa,ZAF,2005,0.0,174200.0,239600.0
5791,South Africa,ZAF,2006,0.0,150500.0,278400.0
5792,South Africa,ZAF,2013,0.0,194000.0,149600.0
5793,South Africa,ZAF,2014,0.0,230900.0,200900.0
5794,South Africa,ZAF,2015,0.0,174000.0,141400.0
5795,South Africa,ZAF,2016,0.0,208200.0,129300.0
5796,South Africa,ZAF,2017,0.0,196300.0,170900.0
5797,South Africa,ZAF,2018,0.0,233800.0,164300.0
5798,South Africa,ZAF,2019,0.0,233800.0,164300.0
5799,South Africa,ZAF,2020,0.0,233800.0,164300.0
5909,South Korea,KOR,2001,34569.0,384869.0,468610.0
5910,South Korea,KOR,2002,0.0,352938.0,636959.0
5911,South Korea,KOR,2003,0.0,368684.0,618500.0
5912,South Korea,KOR,2004,0.0,377192.0,687183.0
5913,South Korea,KOR,2005,0.0,372918.0,766632.0
5914,South Korea,KOR,2006,0.0,368688.0,583922.0
5915,South Korea,KOR,2007,0.0,389661.0,629473.0
5916,South Korea,KOR,2008,0.0,350673.0,594248.0
5917,South Korea,KOR,2009,0.0,224140.0,496590.0
5918,South Korea,KOR,2010,0.0,284169.0,529531.0
5919,South Korea,KOR,2011,0.0,262656.0,497659.0
5920,South Korea,KOR,2012,0.0,245514.0,476530.0
5921,South Korea,KOR,2013,0.0,258299.0,439881.0
5922,South Korea,KOR,2014,0.0,277489.0,380208.0
5923,South Korea,KOR,2015,0.0,259248.0,334296.0
5924,South Korea,KOR,2016,159919.0,258768.0,350224.0
5925,South Korea,KOR,2017,170526.0,266424.0,406383.0
5926,South Korea,KOR,2018,179057.0,270275.0,403231.0
5927,South Korea,KOR,2019,168088.0,263778.0,404045.0
5928,South Korea,KOR,2020,166058.0,260794.0,367726.0
6209,Spain,ESP,1961,236324.0,302888.0,137527.0
6210,Spain,ESP,1962,209070.0,313498.0,153046.0
6211,Spain,ESP,1963,209708.0,316332.0,154646.0
6212,Spain,ESP,1964,281249.0,318852.0,234318.0
6213,Spain,ESP,1965,366100.0,316615.0,322611.0
6214,Spain,ESP,1966,463600.0,355800.0,371700.0
6215,Spain,ESP,1967,524300.0,327500.0,424900.0
6216,Spain,ESP,1968,539200.0,356500.0,494000.0
6217,Spain,ESP,1969,538700.0,382200.0,550600.0
6218,Spain,ESP,1970,524000.0,487000.0,592000.0
6219,Spain,ESP,1971,502000.0,554000.0,673000.0
6220,Spain,ESP,1972,513615.0,576000.0,723572.0
6221,Spain,ESP,1973,457267.0,615000.0,762678.0
6222,Spain,ESP,1974,380635.0,606464.0,721998.0
6223,Spain,ESP,1975,512355.0,456200.0,825388.0
6224,Spain,ESP,1976,566403.0,592200.0,883248.0
6225,Spain,ESP,1977,551800.0,478900.0,906020.0
6226,Spain,ESP,1978,662770.0,493100.0,929200.0
6227,Spain,ESP,1979,669350.0,478000.0,949651.0
6228,Spain,ESP,1980,691219.0,497300.0,959790.0
6229,Spain,ESP,1981,720948.0,371579.0,895624.0
6230,Spain,ESP,1982,620124.0,449234.0,851888.0
6231,Spain,ESP,1983,653500.0,409829.0,858007.0
6232,Spain,ESP,1984,662239.0,463934.0,980220.0
6233,Spain,ESP,1985,686512.0,480696.0,982201.0
6234,Spain,ESP,1986,728639.0,429085.0,987800.0
6235,Spain,ESP,1987,754051.0,451100.0,975300.0
6236,Spain,ESP,1988,754193.0,418954.0,935546.0
6237,Spain,ESP,1989,728737.0,368174.0,966709.0
6238,Spain,ESP,1990,642286.0,292990.0,869644.0
6239,Spain,ESP,1991,542612.0,270555.0,862156.0
6240,Spain,ESP,1992,628554.0,296271.0,655474.0
6241,Spain,ESP,1993,698248.0,365200.0,741860.0
6242,Spain,ESP,1994,683700.0,421900.0,788300.0
6243,Spain,ESP,1995,650000.0,413300.0,844700.0
6244,Spain,ESP,1996,680050.0,333000.0,881700.0
6245,Spain,ESP,1997,640000.0,486000.0,918500.0
6246,Spain,ESP,1998,496000.0,530000.0,898000.0
6247,Spain,ESP,1999,549000.0,459000.0,921000.0
6248,Spain,ESP,2000,550700.0,439900.0,813600.0
6249,Spain,ESP,2001,471000.0,433400.0,832700.0
6250,Spain,ESP,2002,407234.0,382414.0,772116.0
6251,Spain,ESP,2003,665316.0,374933.0,790871.0
6252,Spain,ESP,2004,709791.0,354090.0,761124.0
6253,Spain,ESP,2005,643475.0,331152.0,794693.0
6254,Spain,ESP,2006,580505.0,310174.0,715644.0
6255,Spain,ESP,2007,621309.0,362369.0,710298.0
6256,Spain,ESP,2008,571742.0,292088.0,628297.0
6257,Spain,ESP,2009,416670.0,104324.0,620177.0
6258,Spain,ESP,2010,445333.0,299467.0,714928.0
6259,Spain,ESP,2011,611341.0,262606.0,718130.0
6260,Spain,ESP,2012,679249.0,269712.0,748875.0
6261,Spain,ESP,2013,706283.0,257090.0,709999.0
6262,Spain,ESP,2014,699930.0,190587.0,691125.0
6263,Spain,ESP,2015,711991.0,213801.0,724247.0
6264,Spain,ESP,2016,698235.0,205989.0,703822.0
6265,Spain,ESP,2017,643876.0,211302.0,727980.0
6266,Spain,ESP,2018,677212.0,203567.0,754689.0
6267,Spain,ESP,2019,677212.0,203567.0,754689.0
6268,Spain,ESP,2020,677212.0,203567.0,754689.0
6269,Sri Lanka,LKA,2013,0.0,16373.12,0.0
6270,Sri Lanka,LKA,2014,0.0,17261.24,0.0
6271,Sri Lanka,LKA,2015,0.0,16448.07,0.0
6272,Sri Lanka,LKA,2016,0.0,10352.99,0.0
6273,Sri Lanka,LKA,2017,0.0,13844.93,0.0
6274,Sri Lanka,LKA,2018,0.0,14452.14,0.0
6275,Sri Lanka,LKA,2019,0.0,14452.14,0.0
6276,Sri Lanka,LKA,2020,0.0,14452.14,0.0
6336,Sweden,SWE,2002,0.0,24000.0,62900.0
6337,Sweden,SWE,2003,0.0,24000.0,57113.0
6338,Sweden,SWE,2004,0.0,24000.0,59226.0
6339,Sweden,SWE,2005,0.0,24000.0,53224.0
6340,Sweden,SWE,2006,0.0,10000.0,79600.0
6341,Sweden,SWE,2007,0.0,10000.0,79281.0
6444,Syria,SYR,2002,0.0,85100.0,154520.0
6445,Syria,SYR,2003,0.0,107617.0,131190.0
6446,Syria,SYR,2004,0.0,103629.0,112497.0
6447,Syria,SYR,2005,0.0,127818.0,129192.0
6448,Syria,SYR,2006,0.0,118448.0,133478.0
6449,Syria,SYR,2007,0.0,94228.0,140547.0
6450,Syria,SYR,2008,0.0,99062.0,141927.0
6451,Syria,SYR,2009,0.0,64808.0,134610.0
6452,Syria,SYR,2013,0.0,17480.0,23760.0
6453,Syria,SYR,2014,0.0,17480.0,23760.0
6497,Taiwan,TWN,2010,0.0,92586.96,105327.42
6498,Taiwan,TWN,2011,0.0,82466.04,99641.01
6499,Taiwan,TWN,2012,0.0,78184.36,105147.42
6500,Taiwan,TWN,2013,0.0,61628.96,99792.0
6501,Taiwan,TWN,2014,0.0,55552.92,93261.63
6502,Taiwan,TWN,2015,0.0,42461.68,75682.32
6503,Taiwan,TWN,2016,0.0,42772.93,85017.01
6504,Taiwan,TWN,2017,1162.8,49918.28,124571.37
6505,Taiwan,TWN,2018,0.0,41898.56,122429.89
6506,Taiwan,TWN,2019,0.0,39675.92,133207.62
6507,Taiwan,TWN,2020,21886.93,20411.94,68976.18
6545,Tanzania,TZA,1983,800.0,4106.0,4966.0
6546,Tanzania,TZA,1984,2200.0,6300.0,8200.0
6573,Thailand,THA,2002,0.0,80000.0,108000.0
6574,Thailand,THA,2003,0.0,51440.0,108972.0
6575,Thailand,THA,2004,0.0,57150.0,130875.0
6576,Thailand,THA,2005,0.0,57150.0,110982.0
6701,Tunisia,TUN,2002,0.0,973100.0,305582.88
6702,Tunisia,TUN,2003,0.0,1014700.0,334202.9
6703,Tunisia,TUN,2004,0.0,999300.0,279386.28
6704,Tunisia,TUN,2005,0.0,906200.0,263567.56
6705,Tunisia,TUN,2006,0.0,886800.0,266176.97
6706,Tunisia,TUN,2007,0.0,852300.0,226288.1
6707,Tunisia,TUN,2008,0.0,995900.0,226451.02
6708,Tunisia,TUN,2009,0.0,859400.0,267852.47
6709,Tunisia,TUN,2010,0.0,997200.0,324920.9
6710,Tunisia,TUN,2011,0.0,397900.0,124827.98
6711,Tunisia,TUN,2012,0.0,527700.0,186047.4
6712,Tunisia,TUN,2013,0.0,665500.0,186124.1
6713,Tunisia,TUN,2014,0.0,501000.0,191245.88
6714,Tunisia,TUN,2015,0.0,312300.0,133651.44
6715,Tunisia,TUN,2016,0.0,457800.0,132749.94
6716,Tunisia,TUN,2017,0.0,403300.0,201199.27
6717,Tunisia,TUN,2018,0.0,277300.0,149547.55
6718,Tunisia,TUN,2019,0.0,277300.0,138621.27
6719,Tunisia,TUN,2020,0.0,277300.0,138621.27
6761,Turkey,TUR,2002,0.0,311200.0,651700.0
6762,Turkey,TUR,2003,0.0,455450.0,839321.0
6763,Turkey,TUR,2004,0.0,396963.0,807224.0
6764,Turkey,TUR,2005,0.0,406244.0,835865.0
6765,Turkey,TUR,2006,0.0,365672.0,649065.0
6766,Turkey,TUR,2007,0.0,399987.0,596764.0
6767,Turkey,TUR,2008,0.0,352625.0,612743.0
6768,Turkey,TUR,2009,0.0,461905.0,625072.0
6769,Turkey,TUR,2010,0.0,531078.0,768588.0
6770,Turkey,TUR,2011,0.0,404739.0,891695.0
6771,Turkey,TUR,2012,0.0,382702.0,867014.0
6772,Turkey,TUR,2013,0.0,435441.0,865777.0
6773,Turkey,TUR,2014,0.0,487712.0,821860.0
6774,Turkey,TUR,2015,0.0,516038.0,867370.0
6775,Turkey,TUR,2016,0.0,492866.0,775026.0
6776,Turkey,TUR,2017,0.0,522848.0,876701.0
6777,Turkey,TUR,2018,0.0,468740.0,979901.0
6778,Turkey,TUR,2019,99844.0,497642.0,1143689.0
6779,Turkey,TUR,2020,112870.0,761628.0,1469117.0
6821,Turkmenistan,TKM,1992,0.0,35000.0,69600.0
6822,Turkmenistan,TKM,1993,0.0,35000.0,104800.0
6823,Turkmenistan,TKM,1994,0.0,1400.0,102600.0
6824,Turkmenistan,TKM,1995,0.0,2000.0,105000.0
6826,Turkmenistan,TKM,1997,0.0,5000.0,110000.0
6827,Turkmenistan,TKM,1998,0.0,5000.0,57000.0
6828,Turkmenistan,TKM,1999,0.0,5000.0,60000.0
6836,Turkmenistan,TKM,2007,0.0,5000.0,250000.0
6844,Turkmenistan,TKM,2015,0.0,32000.0,485000.0
6845,Turkmenistan,TKM,2016,0.0,18000.0,481200.0
6846,Turkmenistan,TKM,2017,0.0,10000.0,510000.0
6847,Turkmenistan,TKM,2018,21000.0,31200.0,507000.0
6848,Turkmenistan,TKM,2019,21000.0,20000.0,610800.0
6849,Turkmenistan,TKM,2020,21000.0,20000.0,610800.0
6850,USSR,OWID_USS,1961,1165000.0,1275000.0,1168000.0
6851,USSR,OWID_USS,1962,1331000.0,1337000.0,1414000.0
6852,USSR,OWID_USS,1963,1400000.0,1475000.0,1759000.0
6853,USSR,OWID_USS,1964,1894000.0,2006000.0,2099000.0
6854,USSR,OWID_USS,1965,2368000.0,2300000.0,2712000.0
6855,USSR,OWID_USS,1966,2626000.0,2615000.0,3188000.0
6856,USSR,OWID_USS,1967,2868000.0,2774000.0,3753000.0
6857,USSR,OWID_USS,1968,3120000.0,2916000.0,4177000.0
6858,USSR,OWID_USS,1969,3244000.0,3036000.0,4509000.0
6859,USSR,OWID_USS,1970,4087000.0,3534000.0,5423000.0
6860,USSR,OWID_USS,1971,4807000.0,3703000.0,6055000.0
6861,USSR,OWID_USS,1972,5433000.0,4896000.0,6533000.0
6862,USSR,OWID_USS,1973,5918000.0,4007000.0,7209000.0
6863,USSR,OWID_USS,1974,6586000.0,4538000.0,7806000.0
6864,USSR,OWID_USS,1975,7944000.0,5165000.0,8467000.0
6865,USSR,OWID_USS,1976,8310000.0,5226000.0,8531000.0
6866,USSR,OWID_USS,1977,8347000.0,5586000.0,9025000.0
6867,USSR,OWID_USS,1978,8193000.0,5811000.0,9220000.0
6868,USSR,OWID_USS,1979,6635000.0,5930000.0,9074000.0
6869,USSR,OWID_USS,1980,8064000.0,6023000.0,10155000.0
6870,USSR,OWID_USS,1981,8449000.0,6343000.0,10581000.0
6871,USSR,OWID_USS,1982,8079000.0,6560000.0,11593000.0
6872,USSR,OWID_USS,1983,9294000.0,6882000.0,13014000.0
6873,USSR,OWID_USS,1984,9776000.0,7108000.0,13328000.0
6874,USSR,OWID_USS,1985,10367000.0,7831000.0,14223000.0
6875,USSR,OWID_USS,1986,10228000.0,8477000.0,14996000.0
6876,USSR,OWID_USS,1987,10887900.0,8725000.0,15007000.0
6877,USSR,OWID_USS,1988,11300300.0,9069000.0,15614300.0
6878,USSR,OWID_USS,1989,10232600.0,8903000.0,14272000.0
6879,USSR,OWID_USS,1990,9035200.0,8961000.0,13084400.0
6880,USSR,OWID_USS,1991,8531000.0,7686000.0,12102000.0
6902,Ukraine,UKR,1992,122200.0,591000.0,2543000.0
6903,Ukraine,UKR,1993,88000.0,324000.0,2215300.0
6904,Ukraine,UKR,1994,78000.0,270000.0,1966000.0
6905,Ukraine,UKR,1995,55100.0,294000.0,1830000.0
6906,Ukraine,UKR,1996,39300.0,326500.0,2083300.0
6907,Ukraine,UKR,1997,52200.0,299600.0,2001700.0
6908,Ukraine,UKR,1998,33600.0,231100.0,1687100.0
6909,Ukraine,UKR,1999,11800.0,211400.0,1910000.0
6910,Ukraine,UKR,2000,19300.0,77100.0,2129600.0
6911,Ukraine,UKR,2001,15000.0,42300.0,2068800.0
6912,Ukraine,UKR,2002,0.0,19600.0,2249670.0
6913,Ukraine,UKR,2003,0.0,26900.0,2423344.5
6914,Ukraine,UKR,2004,0.0,87100.0,2293649.0
6915,Ukraine,UKR,2005,0.0,110900.0,2571450.0
6916,Ukraine,UKR,2006,0.0,131300.0,2486865.0
6917,Ukraine,UKR,2007,0.0,127400.0,2921600.0
6918,Ukraine,UKR,2008,0.0,126900.0,2815900.0
6919,Ukraine,UKR,2009,0.0,25300.0,2076960.0
6920,Ukraine,UKR,2010,0.0,77300.0,2088220.0
6921,Ukraine,UKR,2011,0.0,97000.0,2765760.0
6922,Ukraine,UKR,2012,0.0,106500.0,2757740.0
6923,Ukraine,UKR,2013,0.0,53200.0,2222779.0
6924,Ukraine,UKR,2014,0.0,86700.0,1626459.0
6925,Ukraine,UKR,2015,0.0,44200.0,1431218.0
6926,Ukraine,UKR,2016,0.0,47600.0,1510371.5
6927,Ukraine,UKR,2017,0.0,8400.0,1068564.0
6928,Ukraine,UKR,2018,0.0,42500.0,983471.5
6929,Ukraine,UKR,2019,0.0,42500.0,983471.5
6930,Ukraine,UKR,2020,0.0,42500.0,983471.5
6969,United Kingdom,GBR,1973,4600.0,438000.0,755400.0
6970,United Kingdom,GBR,1974,12000.0,455700.0,997000.0
6971,United Kingdom,GBR,1975,34000.0,467100.0,1055000.0
6972,United Kingdom,GBR,1976,49000.0,445000.0,1071000.0
6973,United Kingdom,GBR,1977,121000.0,433000.0,1199000.0
6974,United Kingdom,GBR,1978,172000.0,420600.0,1147000.0
6975,United Kingdom,GBR,1979,276000.0,472000.0,1316000.0
6976,United Kingdom,GBR,1980,307000.0,326000.0,1167000.0
6977,United Kingdom,GBR,1981,281000.0,346000.0,1270000.0
6978,United Kingdom,GBR,1982,261000.0,324200.0,1399000.0
6979,United Kingdom,GBR,1983,315000.0,326100.0,1372000.0
6980,United Kingdom,GBR,1984,329000.0,335000.0,1360000.0
6981,United Kingdom,GBR,1985,344000.0,280000.0,1309000.0
6982,United Kingdom,GBR,1986,409000.0,285000.0,1316000.0
6983,United Kingdom,GBR,1987,473600.0,200000.0,1105000.0
6984,United Kingdom,GBR,1988,444900.0,230000.0,1150000.0
6985,United Kingdom,GBR,1989,463000.0,179000.0,1100000.0
6986,United Kingdom,GBR,1990,488000.0,134000.0,980000.0
6987,United Kingdom,GBR,1991,494000.0,76000.0,850000.0
6988,United Kingdom,GBR,1992,530000.0,96000.0,750000.0
6989,United Kingdom,GBR,1993,555000.0,92000.0,803000.0
6990,United Kingdom,GBR,1994,580000.0,66000.0,800000.0
6991,United Kingdom,GBR,1995,582000.0,88000.0,729000.0
6992,United Kingdom,GBR,1996,618000.0,111000.0,896000.0
6993,United Kingdom,GBR,1997,565000.0,190000.0,919000.0
6994,United Kingdom,GBR,1998,608000.0,119000.0,894000.0
6995,United Kingdom,GBR,1999,457000.0,44000.0,760000.0
6996,United Kingdom,GBR,2000,601000.0,43000.0,483000.0
6997,United Kingdom,GBR,2001,532000.0,50000.0,520000.0
6998,United Kingdom,GBR,2002,540000.0,45000.0,579000.0
6999,United Kingdom,GBR,2003,621400.0,43000.0,495000.0
7000,United Kingdom,GBR,2004,539500.0,59000.0,483000.0
7001,United Kingdom,GBR,2005,439000.0,53000.0,458200.0
7002,United Kingdom,GBR,2006,429500.0,53000.0,411300.0
7003,United Kingdom,GBR,2007,427000.0,53000.0,489400.0
7004,United Kingdom,GBR,2008,403000.0,52500.0,342000.0
7005,United Kingdom,GBR,2009,200000.0,24000.0,336000.0
7006,United Kingdom,GBR,2010,293000.0,26000.0,374000.0
7007,United Kingdom,GBR,2011,462000.0,28000.0,358000.0
7008,United Kingdom,GBR,2012,540000.0,25000.0,323500.0
7009,United Kingdom,GBR,2013,14000.0,27000.0,306500.0
7010,United Kingdom,GBR,2014,18000.0,25000.0,324600.0
7011,United Kingdom,GBR,2015,29000.0,26000.0,358700.0
7029,United States,USA,1961,2329000.0,2743000.0,3042000.0
7030,United States,USA,1962,2328000.0,3020000.0,3490000.0
7031,United States,USA,1963,2508000.0,3410000.0,4012000.0
7032,United States,USA,1964,2516000.0,3652000.0,4465000.0
7033,United States,USA,1965,2592000.0,4260000.0,5081000.0
7034,United States,USA,1966,2811000.0,4697000.0,5546000.0
7035,United States,USA,1967,2456000.0,4992000.0,6607000.0
7036,United States,USA,1968,2488000.0,4624000.0,7139000.0
7037,United States,USA,1969,2205000.0,5001000.0,7562000.0
7038,United States,USA,1970,2259000.0,5369000.0,8161000.0
7039,United States,USA,1971,2207000.0,5601000.0,8091000.0
7040,United States,USA,1972,2441000.0,5795000.0,8433000.0
7041,United States,USA,1973,2363000.0,6232000.0,9158000.0
7042,United States,USA,1974,2075000.0,6568000.0,8474000.0
7043,United States,USA,1975,2099000.0,6531000.0,9591000.0
7044,United States,USA,1976,2344000.0,7070400.0,9787900.0
7045,United States,USA,1977,1975000.0,7480000.0,9495000.0
7046,United States,USA,1978,2286000.0,8556000.0,10076000.0
7047,United States,USA,1979,2245000.0,9083000.0,11180000.0
7048,United States,USA,1980,2052000.0,9500000.0,11825000.0
7049,United States,USA,1981,1635000.0,7092000.0,10523000.0
7050,United States,USA,1982,1687000.0,7296000.0,9000000.0
7051,United States,USA,1983,1500000.0,8719000.0,9401000.0
7052,United States,USA,1984,1282000.0,9676000.0,11370000.0
7053,United States,USA,1985,954000.0,7784000.0,9457000.0
7054,United States,USA,1986,1207000.0,8984000.0,11176000.0
7055,United States,USA,1987,1291000.0,9276000.0,12162000.0
7056,United States,USA,1988,1113000.0,9579000.0,12728000.0
7057,United States,USA,1989,1007000.0,9590000.0,12576000.0
7058,United States,USA,1990,1008000.0,10137000.0,13124000.0
7059,United States,USA,1991,938000.0,11137000.0,13557000.0
7060,United States,USA,1992,938000.0,10683000.0,14006000.0
7061,United States,USA,1993,842000.0,10223000.0,14415000.0
7062,United States,USA,1994,827000.0,11055000.0,14017000.0
7063,United States,USA,1995,843000.0,10500000.0,14244000.0
7064,United States,USA,1996,834000.0,10900000.0,15226000.0
7065,United States,USA,1997,1435264.0,9005161.0,13786105.0
7066,United States,USA,1998,902658.0,9000907.0,13499233.0
7067,United States,USA,1999,865463.0,8470326.0,11230467.0
7068,United States,USA,2000,810124.0,7252309.0,9903675.0
7069,United States,USA,2001,708834.0,8156949.0,9922871.0
7070,United States,USA,2002,822800.0,7595800.0,9386500.0
7071,United States,USA,2003,660000.0,7024700.0,8583681.0
7072,United States,USA,2004,793000.0,6930800.0,8969917.0
7073,United States,USA,2005,1200000.0,6750500.0,8317466.0
7074,United States,USA,2006,1100000.0,6942200.0,8168644.0
7075,United States,USA,2007,1100000.0,6954200.0,8516272.0
7076,United States,USA,2008,817926.0,5919300.0,8063062.0
7077,United States,USA,2009,524812.0,5816600.0,7632797.0
7078,United States,USA,2010,749070.0,6297200.0,8233925.0
7079,United States,USA,2011,825002.0,6122800.0,8590263.0
7080,United States,USA,2012,799778.75,6456300.0,8391946.0
7081,United States,USA,2013,826279.0,6859200.0,8897875.0
7082,United States,USA,2014,790679.0,6557800.0,9132640.0
7083,United States,USA,2015,617678.75,6346000.0,9452873.0
7084,United States,USA,2016,465578.75,6698300.0,9969020.0
7085,United States,USA,2017,391378.75,6509200.0,11346552.0
7086,United States,USA,2018,381578.75,4600400.0,12749145.0
7087,United States,USA,2019,369838.5,4600400.0,13261507.0
7088,United States,USA,2020,369838.5,4600400.0,13261507.0
7089,Uruguay,URY,2003,0.0,17888.0,0.0
7090,Uruguay,URY,2013,0.0,23000.0,0.0
7091,Uruguay,URY,2014,0.0,16400.0,0.0
7092,Uruguay,URY,2015,0.0,15500.0,0.0
7093,Uruguay,URY,2016,0.0,20400.0,0.0
7094,Uruguay,URY,2017,0.0,15200.0,0.0
7095,Uruguay,URY,2018,0.0,18500.0,0.0
7096,Uruguay,URY,2019,0.0,18500.0,0.0
7097,Uruguay,URY,2020,0.0,18500.0,0.0
7149,Uzbekistan,UZB,2002,0.0,145400.0,623000.0
7150,Uzbekistan,UZB,2003,0.0,117700.0,682400.0
7151,Uzbekistan,UZB,2004,0.0,134500.0,718700.0
7152,Uzbekistan,UZB,2005,0.0,128500.0,710900.0
7153,Uzbekistan,UZB,2006,0.0,128500.0,812100.0
7154,Uzbekistan,UZB,2007,0.0,149200.0,874900.0
7155,Uzbekistan,UZB,2008,0.0,148400.0,916600.0
7156,Uzbekistan,UZB,2009,0.0,153500.0,919700.0
7157,Uzbekistan,UZB,2010,0.0,135460.0,925966.1
7158,Uzbekistan,UZB,2011,108000.0,117420.0,932232.2
7159,Uzbekistan,UZB,2012,125300.0,130380.0,977650.0
7160,Uzbekistan,UZB,2013,84610.0,124840.0,913649.0
7161,Uzbekistan,UZB,2014,96569.0,125077.93,976398.4
7162,Uzbekistan,UZB,2015,143383.27,148421.0,942721.0
7163,Uzbekistan,UZB,2016,138045.0,142990.0,944658.0
7164,Uzbekistan,UZB,2017,168000.0,119090.0,854805.0
7165,Uzbekistan,UZB,2018,182413.0,140375.0,847982.0
7166,Uzbekistan,UZB,2019,199109.0,119447.0,898303.0
7167,Uzbekistan,UZB,2020,137654.31,63581.07,373656.12
7178,Venezuela,VEN,2002,0.0,36000.0,539500.0
7179,Venezuela,VEN,2003,0.0,36000.0,533300.0
7180,Venezuela,VEN,2004,0.0,37000.0,697400.0
7181,Venezuela,VEN,2005,0.0,35900.0,689100.0
7182,Venezuela,VEN,2006,0.0,36900.0,514890.0
7183,Venezuela,VEN,2007,0.0,50000.0,732360.0
7184,Venezuela,VEN,2008,0.0,54800.0,832480.0
7185,Venezuela,VEN,2009,0.0,53200.0,623190.0
7186,Venezuela,VEN,2010,0.0,40250.0,656580.0
7187,Venezuela,VEN,2011,0.0,41457.44,626144.44
7188,Venezuela,VEN,2012,0.0,41860.96,597289.7
7189,Venezuela,VEN,2013,0.0,23695.53,472876.06
7190,Venezuela,VEN,2014,50500.0,28762.67,508842.9
7191,Venezuela,VEN,2015,53300.0,34632.54,426925.22
7192,Venezuela,VEN,2016,36800.0,71700.0,573300.0
7193,Venezuela,VEN,2017,34800.0,56100.0,531300.0
7194,Venezuela,VEN,2018,48000.0,70000.0,198300.0
7195,Venezuela,VEN,2019,48000.0,70000.0,198300.0
7196,Venezuela,VEN,2020,48000.0,70000.0,198300.0
7238,Vietnam,VNM,2002,0.0,236655.28,205382.19
7239,Vietnam,VNM,2003,0.0,264419.03,229476.98
7240,Vietnam,VNM,2004,0.0,350243.53,303959.72
7241,Vietnam,VNM,2005,0.0,447304.0,388194.0
7242,Vietnam,VNM,2006,0.0,454332.34,363636.44
7243,Vietnam,VNM,2007,0.0,501690.25,443609.75
7244,Vietnam,VNM,2008,0.0,484981.22,431272.53
7245,Vietnam,VNM,2009,0.0,458064.78,439462.84
7246,Vietnam,VNM,2010,0.0,447792.53,462488.12
7247,Vietnam,VNM,2011,0.0,472484.4,461328.03
7248,Vietnam,VNM,2012,0.0,467862.3,754400.0
7249,Vietnam,VNM,2013,0.0,465474.0,967380.0
7250,Vietnam,VNM,2014,0.0,513923.03,1011080.0
7251,Vietnam,VNM,2015,0.0,344080.0,1039140.0
7252,Vietnam,VNM,2016,0.0,462150.0,962458.7
7253,Vietnam,VNM,2017,0.0,486228.75,1052485.2
7254,Vietnam,VNM,2018,0.0,498576.28,998067.44
7255,Vietnam,VNM,2019,0.0,510734.1,1099609.9
7256,Vietnam,VNM,2020,0.0,527996.94,1647548.6
7472,World,OWID_WRL,1961,9365603.0,11225085.0,12937059.0
7473,World,OWID_WRL,1962,9829069.0,11832794.0,13544151.0
7474,World,OWID_WRL,1963,10854381.0,13282096.0,15477434.0
7475,World,OWID_WRL,1964,12193257.0,15053725.0,17609862.0
7476,World,OWID_WRL,1965,13836114.0,16714795.0,20325168.0
7477,World,OWID_WRL,1966,14453435.0,18408488.0,23070228.0
7478,World,OWID_WRL,1967,15208048.0,19167740.0,25836184.0
7479,World,OWID_WRL,1968,15775458.0,19429550.0,28141970.0
7480,World,OWID_WRL,1969,16592169.0,20353680.0,30195308.0
7481,World,OWID_WRL,1970,17470504.0,22039958.0,33258266.0
7482,World,OWID_WRL,1971,18923620.0,23667592.0,35249176.0
7483,World,OWID_WRL,1972,19610860.0,26342854.0,38350336.0
7484,World,OWID_WRL,1973,21673970.0,26581338.0,41033280.0
7485,World,OWID_WRL,1974,23116160.0,27134072.0,42414804.0
7486,World,OWID_WRL,1975,22911078.0,26305036.0,44619590.0
7487,World,OWID_WRL,1976,24683600.0,28183848.0,46449524.0
7488,World,OWID_WRL,1977,25430436.0,30314388.0,50468028.0
7489,World,OWID_WRL,1978,26244864.0,31280728.0,55909464.0
7490,World,OWID_WRL,1979,25852484.0,33223496.0,59622704.0
7491,World,OWID_WRL,1980,27457516.0,34479244.0,62777610.0
7492,World,OWID_WRL,1981,25654056.0,31658696.0,62291850.0
7493,World,OWID_WRL,1982,24414228.0,32505692.0,63493890.0
7494,World,OWID_WRL,1983,27884366.0,35307236.0,68268920.0
7495,World,OWID_WRL,1984,28769576.0,36890430.0,74855700.0
7496,World,OWID_WRL,1985,28311500.0,35110904.0,73680820.0
7497,World,OWID_WRL,1986,28786806.0,37424336.0,77696270.0
7498,World,OWID_WRL,1987,30847002.0,39211470.0,82028360.0
7499,World,OWID_WRL,1988,31221640.0,41571684.0,85767304.0
7500,World,OWID_WRL,1989,28742002.0,39954656.0,85185850.0
7501,World,OWID_WRL,1990,26822658.0,39183360.0,82279840.0
7502,World,OWID_WRL,1991,24981706.0,38775150.0,80831180.0
7503,World,OWID_WRL,1992,23201026.0,34394380.0,80314696.0
7504,World,OWID_WRL,1993,19798748.0,31956638.0,80302720.0
7505,World,OWID_WRL,1994,22877064.0,32130098.0,80011670.0
7506,World,OWID_WRL,1995,22703628.0,33500168.0,86486980.0
7507,World,OWID_WRL,1996,22855044.0,33607664.0,90418460.0
7508,World,OWID_WRL,1997,25508450.0,33080446.0,87566040.0
7509,World,OWID_WRL,1998,25600812.0,33328054.0,88392240.0
7510,World,OWID_WRL,1999,25360600.0,33093032.0,89161870.0
7511,World,OWID_WRL,2000,26157188.0,31890884.0,85129096.0
7512,World,OWID_WRL,2001,25917220.0,33710320.0,85670744.0
7513,World,OWID_WRL,2002,26628662.0,33866416.0,87334660.0
7514,World,OWID_WRL,2003,29393418.0,34443036.0,88722230.0
7515,World,OWID_WRL,2004,32128640.0,36762060.0,94211280.0
7516,World,OWID_WRL,2005,31508402.0,37825160.0,95401624.0
7517,World,OWID_WRL,2006,32148760.0,38084120.0,95157920.0
7518,World,OWID_WRL,2007,35282610.0,38770670.0,102402824.0
7519,World,OWID_WRL,2008,30444840.0,35859004.0,100266504.0
7520,World,OWID_WRL,2009,23327152.0,35261468.0,98588050.0
7521,World,OWID_WRL,2010,35020870.0,44094084.0,107431940.0
7522,World,OWID_WRL,2011,37058788.0,44486788.0,107783990.0
7523,World,OWID_WRL,2012,35609816.0,43873572.0,109821540.0
7524,World,OWID_WRL,2013,35422052.0,44591284.0,114908870.0
7525,World,OWID_WRL,2014,41402130.0,45918016.0,115823070.0
7526,World,OWID_WRL,2015,41319428.0,47205816.0,120785400.0
7527,World,OWID_WRL,2016,40818980.0,48530900.0,119405800.0
7528,World,OWID_WRL,2017,43852290.0,46953810.0,120677580.0
7529,World,OWID_WRL,2018,45925720.0,43331516.0,121230530.0
7530,World,OWID_WRL,2019,43670892.0,42888308.0,123987360.0
7531,World,OWID_WRL,2020,44912612.0,44867476.0,123145050.0
7610,Zimbabwe,ZWE,2003,0.0,34000.0,55900.0
7611,Zimbabwe,ZWE,2013,0.0,5600.0,22200.0
7612,Zimbabwe,ZWE,2014,0.0,3800.0,25700.0
7613,Zimbabwe,ZWE,2015,0.0,2000.0,29300.0
7614,Zimbabwe,ZWE,2016,0.0,2100.0,11700.0
7615,Zimbabwe,ZWE,2017,0.0,9500.0,12300.0
7616,Zimbabwe,ZWE,2018,0.0,8100.0,13200.0
7617,Zimbabwe,ZWE,2019,0.0,8100.0,13200.0
7618,Zimbabwe,ZWE,2020,0.0,8100.0,13200.0
